run_id,model_id,aptamer_id,aptamer_name,nucleic_acid_type,target_normalized,target_type,experimental_kd_nm,affinity_pred_value,affinity_probability_binary,affinity_pred_value1,affinity_probability_binary1,affinity_pred_value2,affinity_probability_binary2,result_status,affinity_json_path
task5_0228,UTEXAS_10000823_R859,UTEXAS_10000823,Apt21‐2,RNA,Interleukin-17A (IL‐17A),protein,0.0485,-1.9778105020523071,0.7240291833877563,-2.5602121353149414,1.0,-1.3954088687896729,0.44805842638015747,SUCCESS,/projects/bentosprg6/linwx/research_project/results/task5/batch/task5_0228/boltz_results_task5_0228/predictions/task5_0228/affinity_task5_0228.json
task5_0170,UTEXAS_10000607_R639,UTEXAS_10000607,clone 5,RNA,Bovine factor IX,protein,10,-1.9351720809936523,0.16976016759872437,-2.7502222061157227,3.191023324689013e-06,-1.120121955871582,0.33951714634895325,SUCCESS,/projects/bentosprg6/linwx/research_project/results/task5/batch/task5_0170/boltz_results_task5_0170/predictions/task5_0170/affinity_task5_0170.json
task5_0020,UTEXAS_10000098_R103,UTEXAS_10000098,X1,RNA,Tobramycin,ligand,3,-1.7834416627883911,0.7006022334098816,-2.6727147102355957,1.0,-0.8941685557365417,0.4012044370174408,SUCCESS,/projects/bentosprg6/linwx/research_project/results/task5/batch/task5_0020/boltz_results_task5_0020/predictions/task5_0020/affinity_task5_0020.json
task5_0077,UTEXAS_10000328_R350,UTEXAS_10000328,Clone 30,RNA,N-methyl mesoporphyrin IX (NMM),ligand,660,-1.768578290939331,0.24497990310192108,-2.8274407386779785,1.7110471617343137e-06,-0.7097158432006836,0.48995810747146606,SUCCESS,/projects/bentosprg6/linwx/research_project/results/task5/batch/task5_0077/boltz_results_task5_0077/predictions/task5_0077/affinity_task5_0077.json
task5_0019,UTEXAS_10000097_R102,UTEXAS_10000097,W13 (clone 8),RNA,Tobramycin,ligand,4.3,-1.745768666267395,0.7632651925086975,-2.7538299560546875,1.0,-0.7377074360847473,0.526530385017395,SUCCESS,/projects/bentosprg6/linwx/research_project/results/task5/batch/task5_0019/boltz_results_task5_0019/predictions/task5_0019/affinity_task5_0019.json
task5_0032,UTEXAS_10000165_R180,UTEXAS_10000165,80Cm50*,RNA,Chloramphenicol (Cam),ligand,25000,-1.6857603788375854,0.7707982659339905,-2.673402786254883,0.9626043438911438,-0.6981179118156433,0.5789921879768372,SUCCESS,/projects/bentosprg6/linwx/research_project/results/task5/batch/task5_0032/boltz_results_task5_0032/predictions/task5_0032/affinity_task5_0032.json
task5_0078,UTEXAS_10000347_R369,UTEXAS_10000347,D8,RNA,Sephadex G-100,ligand,,-1.6815646886825562,0.7459299564361572,-3.1839356422424316,0.960960328578949,-0.17919382452964783,0.5308996438980103,SUCCESS,/projects/bentosprg6/linwx/research_project/results/task5/batch/task5_0078/boltz_results_task5_0078/predictions/task5_0078/affinity_task5_0078.json
task5_0083,UTEXAS_10000370_R392,UTEXAS_10000370,Aptamer 10-10,RNA,Guanosine triphosphate (GTP),ligand,28,-1.6753733158111572,0.4634186029434204,-2.2902841567993164,0.4486231207847595,-1.060462474822998,0.4782140552997589,SUCCESS,/projects/bentosprg6/linwx/research_project/results/task5/batch/task5_0083/boltz_results_task5_0083/predictions/task5_0083/affinity_task5_0083.json
task5_0263,UTEXAS_10000983_R1026,UTEXAS_10000983,AptER-3,RNA,Estrogen receptor alpha (ERα),protein,30,-1.6454601287841797,0.20912452042102814,-2.3664441108703613,2.2551439542439766e-06,-0.9244762063026428,0.4182467758655548,SUCCESS,/projects/bentosprg6/linwx/research_project/results/task5/batch/task5_0263/boltz_results_task5_0263/predictions/task5_0263/affinity_task5_0263.json
task5_0048,UTEXAS_10000215_R236,UTEXAS_10000215,XBA RNA,RNA,Guanine,ligand,1300,-1.591085433959961,0.7850326299667358,-2.2741456031799316,0.9873499274253845,-0.9080251455307007,0.5827152729034424,SUCCESS,/projects/bentosprg6/linwx/research_project/results/task5/batch/task5_0048/boltz_results_task5_0048/predictions/task5_0048/affinity_task5_0048.json
task5_0181,UTEXAS_10000668_R700,UTEXAS_10000668,D,DNA,Anti-neuroexcitation peptide III (ANEPIII),protein,228.4,-1.5263981819152832,0.8432869911193848,-1.435498595237732,0.9998507499694824,-1.617297649383545,0.6867231726646423,SUCCESS,/projects/bentosprg6/linwx/research_project/results/task5/batch/task5_0181/boltz_results_task5_0181/predictions/task5_0181/affinity_task5_0181.json
task5_0188,UTEXAS_10000675_R707,UTEXAS_10000675,K,DNA,Anti-neuroexcitation peptide III (ANEPIII),protein,228.4,-1.5247470140457153,0.9370900392532349,-1.367701530456543,0.9995545744895935,-1.6817924976348877,0.8746254444122314,SUCCESS,/projects/bentosprg6/linwx/research_project/results/task5/batch/task5_0188/boltz_results_task5_0188/predictions/task5_0188/affinity_task5_0188.json
task5_0052,UTEXAS_10000239_R260,UTEXAS_10000239,B # 84,RNA,Streptomycin,ligand,,-1.476356029510498,0.24038437008857727,-2.275660514831543,4.053194970765617e-07,-0.6770514845848083,0.4807683229446411,SUCCESS,/projects/bentosprg6/linwx/research_project/results/task5/batch/task5_0052/boltz_results_task5_0052/predictions/task5_0052/affinity_task5_0052.json
task5_0065,UTEXAS_10000299_R321,UTEXAS_10000299,20,DNA,Hematoporphyrin IX (HPIX),ligand,6300,-1.4753352403640747,0.6398968696594238,-1.5995532274246216,0.9991980195045471,-1.3511172533035278,0.28059569001197815,SUCCESS,/projects/bentosprg6/linwx/research_project/results/task5/batch/task5_0065/boltz_results_task5_0065/predictions/task5_0065/affinity_task5_0065.json
task5_0031,UTEXAS_10000164_R179,UTEXAS_10000164,70cam53,RNA,Chloramphenicol (Cam),ligand,7000,-1.4462387561798096,0.2994229197502136,-1.7619267702102661,0.00010999638470821083,-1.1305508613586426,0.5987358689308167,SUCCESS,/projects/bentosprg6/linwx/research_project/results/task5/batch/task5_0031/boltz_results_task5_0031/predictions/task5_0031/affinity_task5_0031.json
task5_0058,UTEXAS_10000287_R309,UTEXAS_10000287,1D16-06,RNA,Doxycyline,ligand,,-1.4134862422943115,0.20297716557979584,-2.0539979934692383,1.7297166778007522e-05,-0.77297443151474,0.4059370458126068,SUCCESS,/projects/bentosprg6/linwx/research_project/results/task5/batch/task5_0058/boltz_results_task5_0058/predictions/task5_0058/affinity_task5_0058.json
task5_0217,UTEXAS_10000807_R843,UTEXAS_10000807,21-K,RNA,Zinc-finger antiviral protein (ZAP),protein,,-1.3996906280517578,0.6737614870071411,-2.3279876708984375,0.8274547457695007,-0.4713935852050781,0.5200682878494263,SUCCESS,/projects/bentosprg6/linwx/research_project/results/task5/batch/task5_0217/boltz_results_task5_0217/predictions/task5_0217/affinity_task5_0217.json
task5_0185,UTEXAS_10000672_R704,UTEXAS_10000672,H,DNA,Anti-neuroexcitation peptide III (ANEPIII),protein,228.4,-1.3957126140594482,0.9042500853538513,-1.1191214323043823,0.9788640141487122,-1.6723037958145142,0.8296361565589905,SUCCESS,/projects/bentosprg6/linwx/research_project/results/task5/batch/task5_0185/boltz_results_task5_0185/predictions/task5_0185/affinity_task5_0185.json
task5_0239,UTEXAS_10000886_R926,UTEXAS_10000886,HER2 aptamer (HB5),DNA,Extracellular domain (ECD) of human epithelial growth factor receptor 2 (HER2) protein,protein,316,-1.3877626657485962,0.21070009469985962,-1.9241552352905273,5.85604652769689e-07,-0.8513701558113098,0.4213995933532715,SUCCESS,/projects/bentosprg6/linwx/research_project/results/task5/batch/task5_0239/boltz_results_task5_0239/predictions/task5_0239/affinity_task5_0239.json
task5_0085,UTEXAS_10000372_R394,UTEXAS_10000372,Aptamer 10-59,RNA,Guanosine triphosphate (GTP),ligand,200,-1.3549575805664062,0.24008651077747345,-1.9418832063674927,0.0012079201405867934,-0.7680320143699646,0.4789651036262512,SUCCESS,/projects/bentosprg6/linwx/research_project/results/task5/batch/task5_0085/boltz_results_task5_0085/predictions/task5_0085/affinity_task5_0085.json
task5_0084,UTEXAS_10000371_R393,UTEXAS_10000371,Class I,RNA,Guanosine triphosphate (GTP),ligand,60,-1.3424357175827026,0.18045803904533386,-1.6340742111206055,1.49927518577897e-06,-1.0507972240447998,0.36091458797454834,SUCCESS,/projects/bentosprg6/linwx/research_project/results/task5/batch/task5_0084/boltz_results_task5_0084/predictions/task5_0084/affinity_task5_0084.json
task5_0028,UTEXAS_10000154_R169,UTEXAS_10000154,60-18,DNA,"Thrombin, Human",protein,0.92,-1.3424186706542969,0.6013991832733154,-1.4041591882705688,0.9999927282333374,-1.2806782722473145,0.20280565321445465,SUCCESS,/projects/bentosprg6/linwx/research_project/results/task5/batch/task5_0028/boltz_results_task5_0028/predictions/task5_0028/affinity_task5_0028.json
task5_0080,UTEXAS_10000350_R372,UTEXAS_10000350,RNA 12 E4,RNA,Adenine,ligand,10000,-1.3386646509170532,0.7778661847114563,-1.8567618131637573,0.9999936819076538,-0.8205674290657043,0.5557386875152588,SUCCESS,/projects/bentosprg6/linwx/research_project/results/task5/batch/task5_0080/boltz_results_task5_0080/predictions/task5_0080/affinity_task5_0080.json
task5_0047,UTEXAS_10000205_R225,UTEXAS_10000205,24N,RNA,"Keratinocyte growth factor (hKGF), Human",protein,1.2,-1.3321421146392822,0.24008256196975708,-1.5799546241760254,0.10642696917057037,-1.084329605102539,0.373738169670105,SUCCESS,/projects/bentosprg6/linwx/research_project/results/task5/batch/task5_0047/boltz_results_task5_0047/predictions/task5_0047/affinity_task5_0047.json
task5_0172,UTEXAS_10000622_R654,UTEXAS_10000622,ApT4-A,RNA,Thyroxine (T4),ligand,50000,-1.3234983682632446,0.1488380879163742,-2.199411392211914,2.472662799846148e-06,-0.4475853443145752,0.29767370223999023,SUCCESS,/projects/bentosprg6/linwx/research_project/results/task5/batch/task5_0172/boltz_results_task5_0172/predictions/task5_0172/affinity_task5_0172.json
task5_0105,UTEXAS_10000433_R459,UTEXAS_10000433,SL-1,DNA,Sialyllactose,ligand,,-1.3122856616973877,0.7101364135742188,-1.2517539262771606,0.9959180951118469,-1.3728173971176147,0.4243547022342682,SUCCESS,/projects/bentosprg6/linwx/research_project/results/task5/batch/task5_0105/boltz_results_task5_0105/predictions/task5_0105/affinity_task5_0105.json
task5_0182,UTEXAS_10000669_R701,UTEXAS_10000669,E,DNA,Anti-neuroexcitation peptide III (ANEPIII),protein,228.4,-1.272674798965454,0.716710090637207,-1.17884361743927,0.9999988079071045,-1.3665058612823486,0.4334213137626648,SUCCESS,/projects/bentosprg6/linwx/research_project/results/task5/batch/task5_0182/boltz_results_task5_0182/predictions/task5_0182/affinity_task5_0182.json
task5_0184,UTEXAS_10000671_R703,UTEXAS_10000671,G,DNA,Anti-neuroexcitation peptide III (ANEPIII),protein,228.4,-1.2684391736984253,0.9115881323814392,-0.8017957210540771,0.9674599170684814,-1.7350826263427734,0.855716347694397,SUCCESS,/projects/bentosprg6/linwx/research_project/results/task5/batch/task5_0184/boltz_results_task5_0184/predictions/task5_0184/affinity_task5_0184.json
task5_0179,UTEXAS_10000665_R697,UTEXAS_10000665,A,DNA,Anti-neuroexcitation peptide III (ANEPIII),protein,228.4,-1.2620649337768555,0.5683927536010742,-1.228007197380066,0.9999979734420776,-1.296122670173645,0.13678748905658722,SUCCESS,/projects/bentosprg6/linwx/research_project/results/task5/batch/task5_0179/boltz_results_task5_0179/predictions/task5_0179/affinity_task5_0179.json
task5_0183,UTEXAS_10000670_R702,UTEXAS_10000670,F,DNA,Anti-neuroexcitation peptide III (ANEPIII),protein,228.4,-1.2447357177734375,0.7016662359237671,-1.1382920742034912,0.9999969005584717,-1.3511793613433838,0.4033355116844177,SUCCESS,/projects/bentosprg6/linwx/research_project/results/task5/batch/task5_0183/boltz_results_task5_0183/predictions/task5_0183/affinity_task5_0183.json
task5_0087,UTEXAS_10000374_R396,UTEXAS_10000374,Aptamer 10-24,RNA,Guanosine triphosphate (GTP),ligand,250,-1.2416177988052368,0.2187729924917221,-2.0558910369873047,1.3126667681717663e-06,-0.4273446202278137,0.43754467368125916,SUCCESS,/projects/bentosprg6/linwx/research_project/results/task5/batch/task5_0087/boltz_results_task5_0087/predictions/task5_0087/affinity_task5_0087.json
task5_0332,UTEXAS_10001371_R1419,UTEXAS_10001371,apVRKF33,DNA,"Vaccinia-related kinase (VRK1), Human",protein,128.8,-1.2380672693252563,0.3397124409675598,-1.2771570682525635,0.0026106303557753563,-1.1989774703979492,0.6768142580986023,SUCCESS,/projects/bentosprg6/linwx/research_project/results/task5/batch/task5_0332/boltz_results_task5_0332/predictions/task5_0332/affinity_task5_0332.json
task5_0173,UTEXAS_10000639_R671,UTEXAS_10000639,Apt A,DNA,Bifunctional ribulose 5-phosphate reductase (Bcs1),protein,39,-1.2259283065795898,0.2957203984260559,-1.4383527040481567,8.147805783664808e-05,-1.0135037899017334,0.5913593173027039,SUCCESS,/projects/bentosprg6/linwx/research_project/results/task5/batch/task5_0173/boltz_results_task5_0173/predictions/task5_0173/affinity_task5_0173.json
task5_0303,UTEXAS_10001196_R1240,UTEXAS_10001196,Ep1,DNA,Epithelial cell adhesion molecule (EpCAM),protein,118,-1.206350564956665,0.6000603437423706,-1.8188163042068481,0.8530728220939636,-0.5938847661018372,0.3470478653907776,SUCCESS,/projects/bentosprg6/linwx/research_project/results/task5/batch/task5_0303/boltz_results_task5_0303/predictions/task5_0303/affinity_task5_0303.json
task5_0061,UTEXAS_10000292_R314,UTEXAS_10000292,1D16-13,RNA,Doxycyline,ligand,,-1.1911476850509644,0.1958300620317459,-1.7744898796081543,1.3003805143796399e-08,-0.6078054308891296,0.3916601240634918,SUCCESS,/projects/bentosprg6/linwx/research_project/results/task5/batch/task5_0061/boltz_results_task5_0061/predictions/task5_0061/affinity_task5_0061.json
task5_0068,UTEXAS_10000302_R324,UTEXAS_10000302,30,DNA,Hematoporphyrin IX (HPIX),ligand,2700,-1.1825071573257446,0.3387469947338104,-0.8163323998451233,0.0015423210570588708,-1.5486819744110107,0.6759516596794128,SUCCESS,/projects/bentosprg6/linwx/research_project/results/task5/batch/task5_0068/boltz_results_task5_0068/predictions/task5_0068/affinity_task5_0068.json
task5_0063,UTEXAS_10000297_R319,UTEXAS_10000297,13,DNA,Hematoporphyrin IX (HPIX),ligand,9100,-1.1810885667800903,0.7895829081535339,-0.9726420044898987,0.9857634902000427,-1.3895350694656372,0.5934023261070251,SUCCESS,/projects/bentosprg6/linwx/research_project/results/task5/batch/task5_0063/boltz_results_task5_0063/predictions/task5_0063/affinity_task5_0063.json
task5_0109,UTEXAS_10000437_R463,UTEXAS_10000437,SL-5,DNA,Sialyllactose,ligand,,-1.169285535812378,0.26168128848075867,-1.1878069639205933,0.18616755306720734,-1.1507642269134521,0.3371950387954712,SUCCESS,/projects/bentosprg6/linwx/research_project/results/task5/batch/task5_0109/boltz_results_task5_0109/predictions/task5_0109/affinity_task5_0109.json
task5_0057,UTEXAS_10000286_R308,UTEXAS_10000286,1D16-05,RNA,Doxycyline,ligand,,-1.1683855056762695,0.2463381439447403,-1.9678021669387817,5.594556114374427e-06,-0.3689689338207245,0.4926706850528717,SUCCESS,/projects/bentosprg6/linwx/research_project/results/task5/batch/task5_0057/boltz_results_task5_0057/predictions/task5_0057/affinity_task5_0057.json
task5_0164,UTEXAS_10000590_R620,UTEXAS_10000590,Aptamer 25,RNA,DNA polymerase beta (polβ),protein,430,-1.157036542892456,0.2620261311531067,-1.165871262550354,3.751754775294103e-05,-1.148201823234558,0.5240147709846497,SUCCESS,/projects/bentosprg6/linwx/research_project/results/task5/batch/task5_0164/boltz_results_task5_0164/predictions/task5_0164/affinity_task5_0164.json
task5_0207,UTEXAS_10000788_R822,UTEXAS_10000788,C1,RNA,Sphingosylphosphorylcholine (SPC),ligand,20.9,-1.1499141454696655,0.791793942451477,-2.4099555015563965,0.9999920129776001,0.11012718081474304,0.583595871925354,SUCCESS,/projects/bentosprg6/linwx/research_project/results/task5/batch/task5_0207/boltz_results_task5_0207/predictions/task5_0207/affinity_task5_0207.json
task5_0030,UTEXAS_10000163_R178,UTEXAS_10000163,70cam9,RNA,Chloramphenicol (Cam),ligand,8000,-1.1484007835388184,0.23910818994045258,-1.69868004322052,2.3093351231295856e-08,-0.5981214642524719,0.47821635007858276,SUCCESS,/projects/bentosprg6/linwx/research_project/results/task5/batch/task5_0030/boltz_results_task5_0030/predictions/task5_0030/affinity_task5_0030.json
task5_0079,UTEXAS_10000349_R371,UTEXAS_10000349,12 E4,RNA,N6-adenine,protein,10000,-1.1345696449279785,0.2773129642009735,-1.9426594972610474,2.616992060211487e-05,-0.3264797329902649,0.5545997619628906,SUCCESS,/projects/bentosprg6/linwx/research_project/results/task5/batch/task5_0079/boltz_results_task5_0079/predictions/task5_0079/affinity_task5_0079.json
task5_0076,UTEXAS_10000327_R349,UTEXAS_10000327,Clone 3,RNA,N-methyl mesoporphyrin IX (NMM),ligand,250,-1.1281346082687378,0.1687115579843521,-1.3775893449783325,1.2657338288590836e-07,-0.8786799311637878,0.3374229967594147,SUCCESS,/projects/bentosprg6/linwx/research_project/results/task5/batch/task5_0076/boltz_results_task5_0076/predictions/task5_0076/affinity_task5_0076.json
task5_0062,UTEXAS_10000296_R318,UTEXAS_10000296,8,DNA,Hematoporphyrin IX (HPIX),ligand,11000,-1.1114237308502197,0.6450735330581665,-1.3790785074234009,0.9999194145202637,-0.8437690138816833,0.29022762179374695,SUCCESS,/projects/bentosprg6/linwx/research_project/results/task5/batch/task5_0062/boltz_results_task5_0062/predictions/task5_0062/affinity_task5_0062.json
task5_0021,UTEXAS_10000099_R104,UTEXAS_10000099,J6,RNA,Tobramycin,ligand,2,-1.0883060693740845,0.16968578100204468,-1.6910640001296997,4.710440748567635e-08,-0.48554813861846924,0.3393715023994446,SUCCESS,/projects/bentosprg6/linwx/research_project/results/task5/batch/task5_0021/boltz_results_task5_0021/predictions/task5_0021/affinity_task5_0021.json
task5_0133,UTEXAS_10000482_R508,UTEXAS_10000482,2,RNA,"Tumor necrosis factor alpha (hTNFα), Human",protein,,-1.0646947622299194,0.365997850894928,-1.7633265256881714,0.28378620743751526,-0.3660629391670227,0.4482094943523407,SUCCESS,/projects/bentosprg6/linwx/research_project/results/task5/batch/task5_0133/boltz_results_task5_0133/predictions/task5_0133/affinity_task5_0133.json
task5_0029,UTEXAS_10000162_R177,UTEXAS_10000162,70cam6,RNA,Chloramphenicol (Cam),ligand,2100,-1.0487866401672363,0.2457646131515503,-1.4336622953414917,3.2681014090485405e-06,-0.6639109253883362,0.49152594804763794,SUCCESS,/projects/bentosprg6/linwx/research_project/results/task5/batch/task5_0029/boltz_results_task5_0029/predictions/task5_0029/affinity_task5_0029.json
task5_0074,UTEXAS_10000325_R347,UTEXAS_10000325,F7-9D,DNA,Cocaine,ligand,100000,-1.0420643091201782,0.1613236367702484,-1.5472480058670044,0.05032036826014519,-0.536880612373352,0.27232691645622253,SUCCESS,/projects/bentosprg6/linwx/research_project/results/task5/batch/task5_0074/boltz_results_task5_0074/predictions/task5_0074/affinity_task5_0074.json
task5_0110,UTEXAS_10000438_R464,UTEXAS_10000438,SL-6,DNA,Sialyllactose,ligand,,-1.0346760749816895,0.1565496027469635,-0.7792283892631531,0.0050130803138017654,-1.290123701095581,0.3080861270427704,SUCCESS,/projects/bentosprg6/linwx/research_project/results/task5/batch/task5_0110/boltz_results_task5_0110/predictions/task5_0110/affinity_task5_0110.json
task5_0165,UTEXAS_10000590_R621,UTEXAS_10000590,Aptamer 25,RNA,DNA polymerase kappa (polκ),protein,500,-1.0344409942626953,0.22332003712654114,-0.9256142377853394,0.00010593839397188276,-1.1432678699493408,0.446534126996994,SUCCESS,/projects/bentosprg6/linwx/research_project/results/task5/batch/task5_0165/boltz_results_task5_0165/predictions/task5_0165/affinity_task5_0165.json
task5_0136,UTEXAS_10000485_R511,UTEXAS_10000485,8.6,RNA,"Tumor necrosis factor alpha (hTNFα), Human",protein,,-1.0322023630142212,0.6099178194999695,-1.668300747871399,0.7380286455154419,-0.39610403776168823,0.4818069636821747,SUCCESS,/projects/bentosprg6/linwx/research_project/results/task5/batch/task5_0136/boltz_results_task5_0136/predictions/task5_0136/affinity_task5_0136.json
task5_0163,UTEXAS_10000589_R619,UTEXAS_10000589,Aptamer 32,RNA,DNA polymerase kappa (polκ),protein,410,-1.0199681520462036,0.18520686030387878,-1.057806372642517,0.00012852628424298018,-0.9821298718452454,0.37028518319129944,SUCCESS,/projects/bentosprg6/linwx/research_project/results/task5/batch/task5_0163/boltz_results_task5_0163/predictions/task5_0163/affinity_task5_0163.json
task5_0299,UTEXAS_10001185_R1229,UTEXAS_10001185,GR-3,DNA,Glucagon receptor (GCGR),protein,52.7,-1.0113933086395264,0.3299882709980011,-0.8887158632278442,6.275010377976287e-07,-1.1340707540512085,0.6599758863449097,SUCCESS,/projects/bentosprg6/linwx/research_project/results/task5/batch/task5_0299/boltz_results_task5_0299/predictions/task5_0299/affinity_task5_0299.json
task5_0264,UTEXAS_10000993_R1036,UTEXAS_10000993,S-18,DNA,Acetamiprid,ligand,4.98,-0.997730553150177,0.27247634530067444,-1.6020697355270386,0.037453629076480865,-0.3933914005756378,0.5074990391731262,SUCCESS,/projects/bentosprg6/linwx/research_project/results/task5/batch/task5_0264/boltz_results_task5_0264/predictions/task5_0264/affinity_task5_0264.json
task5_0059,UTEXAS_10000288_R310,UTEXAS_10000288,rafl7,RNA,Adenosine triphosphate (ATP),ligand,223000,-0.9958742260932922,0.24300330877304077,-1.8269175291061401,1.6897297427931335e-06,-0.16483092308044434,0.48600491881370544,SUCCESS,/projects/bentosprg6/linwx/research_project/results/task5/batch/task5_0059/boltz_results_task5_0059/predictions/task5_0059/affinity_task5_0059.json
task5_0051,UTEXAS_10000237_R258,UTEXAS_10000237,C #128,RNA,Streptomycin,ligand,,-0.9897537231445312,0.2605626583099365,-1.5424903631210327,2.1830757646057464e-08,-0.437017023563385,0.521125316619873,SUCCESS,/projects/bentosprg6/linwx/research_project/results/task5/batch/task5_0051/boltz_results_task5_0051/predictions/task5_0051/affinity_task5_0051.json
task5_0115,UTEXAS_10000443_R469,UTEXAS_10000443,SL-11,DNA,Sialyllactose,ligand,4900,-0.9709447622299194,0.19373659789562225,-0.46274179220199585,0.0007671634084545076,-1.4791476726531982,0.38670602440834045,SUCCESS,/projects/bentosprg6/linwx/research_project/results/task5/batch/task5_0115/boltz_results_task5_0115/predictions/task5_0115/affinity_task5_0115.json
task5_0026,UTEXAS_10000148_R163,UTEXAS_10000148,30-16,DNA,"Thrombin, Human",protein,,-0.9588994383811951,0.48627716302871704,-0.992404580116272,0.3352031707763672,-0.9253942966461182,0.6373511552810669,SUCCESS,/projects/bentosprg6/linwx/research_project/results/task5/batch/task5_0026/boltz_results_task5_0026/predictions/task5_0026/affinity_task5_0026.json
task5_0312,UTEXAS_10001267_R1311,UTEXAS_10001267,NA53,DNA,Neutrophil gelatinase-associated lipocalin (NGAL),protein,32.52,-0.9560746550559998,0.15983261168003082,-1.4953099489212036,0.0008543891017325222,-0.4168393909931183,0.3188108205795288,SUCCESS,/projects/bentosprg6/linwx/research_project/results/task5/batch/task5_0312/boltz_results_task5_0312/predictions/task5_0312/affinity_task5_0312.json
task5_0106,UTEXAS_10000434_R460,UTEXAS_10000434,SL-2,DNA,Sialyllactose,ligand,,-0.9498250484466553,0.14869624376296997,-0.4353625178337097,0.0002014266501646489,-1.464287519454956,0.2971910536289215,SUCCESS,/projects/bentosprg6/linwx/research_project/results/task5/batch/task5_0106/boltz_results_task5_0106/predictions/task5_0106/affinity_task5_0106.json
task5_0056,UTEXAS_10000285_R307,UTEXAS_10000285,1D13-01,RNA,Doxycyline,ligand,,-0.9462316036224365,0.21232789754867554,-1.2007111310958862,2.538117049866173e-09,-0.6917521357536316,0.4246557950973511,SUCCESS,/projects/bentosprg6/linwx/research_project/results/task5/batch/task5_0056/boltz_results_task5_0056/predictions/task5_0056/affinity_task5_0056.json
task5_0282,UTEXAS_10001101_R1144,UTEXAS_10001101,ABA1 (Ang2-binding aptamer 1),DNA,"Angiopoietin-2 (Ang2), Human",protein,20.5,-0.9189073443412781,0.29315170645713806,-0.9156151413917542,0.0017165230819955468,-0.922199547290802,0.5845869183540344,SUCCESS,/projects/bentosprg6/linwx/research_project/results/task5/batch/task5_0282/boltz_results_task5_0282/predictions/task5_0282/affinity_task5_0282.json
task5_0088,UTEXAS_10000375_R397,UTEXAS_10000375,Aptamer 10-6,RNA,Guanosine triphosphate (GTP),ligand,500,-0.9127092957496643,0.21236726641654968,-1.4335256814956665,1.891155534394784e-07,-0.3918928802013397,0.42473435401916504,SUCCESS,/projects/bentosprg6/linwx/research_project/results/task5/batch/task5_0088/boltz_results_task5_0088/predictions/task5_0088/affinity_task5_0088.json
task5_0034,UTEXAS_10000190_R210,UTEXAS_10000190,6F,RNA,"Keratinocyte growth factor (hKGF), Human",protein,0.05,-0.9076308012008667,0.24715423583984375,-1.438912272453308,0.015219613909721375,-0.3763493299484253,0.47908884286880493,SUCCESS,/projects/bentosprg6/linwx/research_project/results/task5/batch/task5_0034/boltz_results_task5_0034/predictions/task5_0034/affinity_task5_0034.json
task5_0066,UTEXAS_10000300_R322,UTEXAS_10000300,22,DNA,Hematoporphyrin IX (HPIX),ligand,13000,-0.8855360150337219,0.5552639961242676,-0.7447686195373535,0.8178167939186096,-1.0263034105300903,0.29271113872528076,SUCCESS,/projects/bentosprg6/linwx/research_project/results/task5/batch/task5_0066/boltz_results_task5_0066/predictions/task5_0066/affinity_task5_0066.json
task5_0272,UTEXAS_10001060_R1103,UTEXAS_10001060,DNA01,DNA,Palladium ion,ligand,4600,-0.8836085796356201,0.22242560982704163,-0.943726658821106,0.15102417767047882,-0.823490560054779,0.2938270568847656,SUCCESS,/projects/bentosprg6/linwx/research_project/results/task5/batch/task5_0272/boltz_results_task5_0272/predictions/task5_0272/affinity_task5_0272.json
task5_0116,UTEXAS_10000444_R470,UTEXAS_10000444,SL-12,DNA,Sialyllactose,ligand,,-0.8805354833602905,0.15691262483596802,-0.17133337259292603,0.0008497114176861942,-1.5897376537322998,0.31297552585601807,SUCCESS,/projects/bentosprg6/linwx/research_project/results/task5/batch/task5_0116/boltz_results_task5_0116/predictions/task5_0116/affinity_task5_0116.json
task5_0018,UTEXAS_10000084_R89,UTEXAS_10000084,126,RNA,Vascular Endothelial Growth Factor (VEGF),protein,0.14,-0.8798547983169556,0.180898517370224,-1.286055326461792,0.0011387147242203355,-0.47365421056747437,0.36065831780433655,SUCCESS,/projects/bentosprg6/linwx/research_project/results/task5/batch/task5_0018/boltz_results_task5_0018/predictions/task5_0018/affinity_task5_0018.json
task5_0129,UTEXAS_10000478_R504,UTEXAS_10000478,14.8,RNA,"Tumor necrosis factor alpha (hTNFα), Human",protein,,-0.8679280281066895,0.2797156572341919,-0.618882954120636,0.001183312968350947,-1.1169731616973877,0.558247983455658,SUCCESS,/projects/bentosprg6/linwx/research_project/results/task5/batch/task5_0129/boltz_results_task5_0129/predictions/task5_0129/affinity_task5_0129.json
task5_0117,UTEXAS_10000445_R471,UTEXAS_10000445,SL-13,DNA,Sialyllactose,ligand,,-0.8578634858131409,0.17123882472515106,-0.13160064816474915,5.520323247765191e-05,-1.584126353263855,0.3424224555492401,SUCCESS,/projects/bentosprg6/linwx/research_project/results/task5/batch/task5_0117/boltz_results_task5_0117/predictions/task5_0117/affinity_task5_0117.json
task5_0025,UTEXAS_10000147_R162,UTEXAS_10000147,30-14,DNA,"Thrombin, Human",protein,0.96,-0.8524100184440613,0.30784645676612854,-0.4574927091598511,0.005655144341289997,-1.2473273277282715,0.6100377440452576,SUCCESS,/projects/bentosprg6/linwx/research_project/results/task5/batch/task5_0025/boltz_results_task5_0025/predictions/task5_0025/affinity_task5_0025.json
task5_0209,UTEXAS_10000790_R824,UTEXAS_10000790,C8,RNA,Sphingosylphosphorylcholine (SPC),ligand,90.4,-0.8406322002410889,0.18387924134731293,-1.228603482246399,7.283309514605207e-06,-0.4526609778404236,0.36775121092796326,SUCCESS,/projects/bentosprg6/linwx/research_project/results/task5/batch/task5_0209/boltz_results_task5_0209/predictions/task5_0209/affinity_task5_0209.json
task5_0151,UTEXAS_10000546_R575,UTEXAS_10000546,Apt- 9.1,DNA,Ethanolamine,ligand,19,-0.8359583616256714,0.6834891438484192,-0.4558534622192383,0.9108231067657471,-1.2160632610321045,0.4561551809310913,SUCCESS,/projects/bentosprg6/linwx/research_project/results/task5/batch/task5_0151/boltz_results_task5_0151/predictions/task5_0151/affinity_task5_0151.json
task5_0197,UTEXAS_10000758_R791,UTEXAS_10000758,No. 22,DNA,8-hydroxy-2′-deoxyguanosine (8-OHdG),ligand,1000,-0.8283839225769043,0.2632208466529846,-0.4186774790287018,0.053009022027254105,-1.2380903959274292,0.4734326899051666,SUCCESS,/projects/bentosprg6/linwx/research_project/results/task5/batch/task5_0197/boltz_results_task5_0197/predictions/task5_0197/affinity_task5_0197.json
task5_0294,UTEXAS_10001154_R1198,UTEXAS_10001154,Aptamer 7,DNA,Rhesus (Rh) D antigen,protein,543.3,-0.8220858573913574,0.2178904414176941,-0.5938010811805725,4.251460268278606e-05,-1.050370693206787,0.43573835492134094,SUCCESS,/projects/bentosprg6/linwx/research_project/results/task5/batch/task5_0294/boltz_results_task5_0294/predictions/task5_0294/affinity_task5_0294.json
task5_0075,UTEXAS_10000326_R348,UTEXAS_10000326,MNS-4.1,DNA,Cocaine,ligand,20000,-0.8105297088623047,0.21678626537322998,-1.3238688707351685,0.11017560213804245,-0.2971905767917633,0.3233969211578369,SUCCESS,/projects/bentosprg6/linwx/research_project/results/task5/batch/task5_0075/boltz_results_task5_0075/predictions/task5_0075/affinity_task5_0075.json
task5_0141,UTEXAS_10000490_R516,UTEXAS_10000490,17.9,RNA,"Tumor necrosis factor alpha (hTNFα), Human",protein,,-0.802856981754303,0.26162707805633545,-0.736518383026123,0.02949822135269642,-0.8691955804824829,0.49375593662261963,SUCCESS,/projects/bentosprg6/linwx/research_project/results/task5/batch/task5_0141/boltz_results_task5_0141/predictions/task5_0141/affinity_task5_0141.json
task5_0287,UTEXAS_10001134_R1177,UTEXAS_10001134,AFLA71,DNA,Aflatoxin B1 (AFB1),protein,85.02,-0.8007135391235352,0.31908634305000305,-0.3129427433013916,1.2035812687827274e-05,-1.2884843349456787,0.6381606459617615,SUCCESS,/projects/bentosprg6/linwx/research_project/results/task5/batch/task5_0287/boltz_results_task5_0287/predictions/task5_0287/affinity_task5_0287.json
task5_0331,UTEXAS_10001370_R1418,UTEXAS_10001370,apVRK28,DNA,"Vaccinia-related kinase (VRK1), Human",protein,60.06,-0.786569356918335,0.32721441984176636,-0.5062767267227173,0.001743508968502283,-1.0668619871139526,0.6526853442192078,SUCCESS,/projects/bentosprg6/linwx/research_project/results/task5/batch/task5_0331/boltz_results_task5_0331/predictions/task5_0331/affinity_task5_0331.json
task5_0149,UTEXAS_10000544_R573,UTEXAS_10000544,Apt- 9.6,DNA,Ethanolamine,ligand,15,-0.774466335773468,0.5817322731018066,-0.3311258554458618,0.7150990962982178,-1.2178068161010742,0.44836539030075073,SUCCESS,/projects/bentosprg6/linwx/research_project/results/task5/batch/task5_0149/boltz_results_task5_0149/predictions/task5_0149/affinity_task5_0149.json
task5_0015,UTEXAS_10000081_R86,UTEXAS_10000081,12,RNA,Vascular Endothelial Growth Factor (VEGF),protein,0.48,-0.7643692493438721,0.20088255405426025,-0.9647908210754395,0.025822661817073822,-0.5639477372169495,0.3759424388408661,SUCCESS,/projects/bentosprg6/linwx/research_project/results/task5/batch/task5_0015/boltz_results_task5_0015/predictions/task5_0015/affinity_task5_0015.json
task5_0111,UTEXAS_10000439_R465,UTEXAS_10000439,SL-7,DNA,Sialyllactose,ligand,,-0.7566769123077393,0.15562038123607635,-0.19145804643630981,0.0003221372317057103,-1.3218958377838135,0.3109186291694641,SUCCESS,/projects/bentosprg6/linwx/research_project/results/task5/batch/task5_0111/boltz_results_task5_0111/predictions/task5_0111/affinity_task5_0111.json
task5_0186,UTEXAS_10000673_R705,UTEXAS_10000673,I,DNA,Anti-neuroexcitation peptide III (ANEPIII),protein,228.4,-0.7565667629241943,0.11111734807491302,-0.9613028764724731,0.00010459921759320423,-0.5518307089805603,0.22213008999824524,SUCCESS,/projects/bentosprg6/linwx/research_project/results/task5/batch/task5_0186/boltz_results_task5_0186/predictions/task5_0186/affinity_task5_0186.json
task5_0112,UTEXAS_10000440_R466,UTEXAS_10000440,SL-8,DNA,Sialyllactose,ligand,,-0.7558553218841553,0.14525024592876434,-0.16342425346374512,0.0004159763047937304,-1.3482863903045654,0.29008451104164124,SUCCESS,/projects/bentosprg6/linwx/research_project/results/task5/batch/task5_0112/boltz_results_task5_0112/predictions/task5_0112/affinity_task5_0112.json
task5_0180,UTEXAS_10000667_R699,UTEXAS_10000667,C,DNA,Anti-neuroexcitation peptide III (ANEPIII),protein,228.4,-0.7439552545547485,0.2414274960756302,-0.20811152458190918,0.0003895624540746212,-1.279798984527588,0.4824654161930084,SUCCESS,/projects/bentosprg6/linwx/research_project/results/task5/batch/task5_0180/boltz_results_task5_0180/predictions/task5_0180/affinity_task5_0180.json
task5_0093,UTEXAS_10000421_R447,UTEXAS_10000421,#16,DNA,"Pro‐urokinase (PLAU), Human",protein,,-0.7433830499649048,0.24084027111530304,-0.5685285329818726,0.0002318238402949646,-0.9182376265525818,0.4814487099647522,SUCCESS,/projects/bentosprg6/linwx/research_project/results/task5/batch/task5_0093/boltz_results_task5_0093/predictions/task5_0093/affinity_task5_0093.json
task5_0014,UTEXAS_10000080_R85,UTEXAS_10000080,44,RNA,Vascular Endothelial Growth Factor (VEGF),protein,1.7,-0.7414871454238892,0.23193508386611938,-0.9099417924880981,0.0006801672861911356,-0.5730324983596802,0.4631899893283844,SUCCESS,/projects/bentosprg6/linwx/research_project/results/task5/batch/task5_0014/boltz_results_task5_0014/predictions/task5_0014/affinity_task5_0014.json
task5_0070,UTEXAS_10000304_R326,UTEXAS_10000304,33,DNA,Hematoporphyrin IX (HPIX),ligand,220000,-0.7408907413482666,0.3254314064979553,0.031776875257492065,0.02640916034579277,-1.5135583877563477,0.6244536638259888,SUCCESS,/projects/bentosprg6/linwx/research_project/results/task5/batch/task5_0070/boltz_results_task5_0070/predictions/task5_0070/affinity_task5_0070.json
task5_0338,UTEXAS_10001394_R1443,UTEXAS_10001394,Apt.14,DNA,"Angiotensin converting enzyme 2 (hACE2), Human",protein,,-0.7388381361961365,0.29755163192749023,-0.27967533469200134,3.914619355782634e-06,-1.1980009078979492,0.5950993299484253,SUCCESS,/projects/bentosprg6/linwx/research_project/results/task5/batch/task5_0338/boltz_results_task5_0338/predictions/task5_0338/affinity_task5_0338.json
task5_0249,UTEXAS_10000925_R966,UTEXAS_10000925,A2,DNA,Ara h 1 (peanut allergen),protein,,-0.7377126216888428,0.32621055841445923,-0.5141536593437195,0.000904835935216397,-0.9612715840339661,0.6515162587165833,SUCCESS,/projects/bentosprg6/linwx/research_project/results/task5/batch/task5_0249/boltz_results_task5_0249/predictions/task5_0249/affinity_task5_0249.json
task5_0266,UTEXAS_10001003_R1046,UTEXAS_10001003,Cd-4,DNA,Cadmium (II),ligand,34.5,-0.7142900228500366,0.18460847437381744,-0.7063935995101929,2.4014922018977813e-05,-0.7221863865852356,0.3691929280757904,SUCCESS,/projects/bentosprg6/linwx/research_project/results/task5/batch/task5_0266/boltz_results_task5_0266/predictions/task5_0266/affinity_task5_0266.json
task5_0132,UTEXAS_10000481_R507,UTEXAS_10000481,1,RNA,"Tumor necrosis factor alpha (hTNFα), Human",protein,,-0.7142330408096313,0.2091788947582245,-0.5929238796234131,0.004481946118175983,-0.8355421423912048,0.41387584805488586,SUCCESS,/projects/bentosprg6/linwx/research_project/results/task5/batch/task5_0132/boltz_results_task5_0132/predictions/task5_0132/affinity_task5_0132.json
task5_0124,UTEXAS_10000473_R499,UTEXAS_10000473,apt2,RNA,"Receptor activator of NF-kappaB (RANK), Human",protein,1800,-0.71153724193573,0.28433287143707275,-1.2778455018997192,0.09947961568832397,-0.14522892236709595,0.46918609738349915,SUCCESS,/projects/bentosprg6/linwx/research_project/results/task5/batch/task5_0124/boltz_results_task5_0124/predictions/task5_0124/affinity_task5_0124.json
task5_0334,UTEXAS_10001375_R1423,UTEXAS_10001375,LDH7r-9,DNA,"Lactate dehydrogenase (LDH), Human",protein,12,-0.7075943946838379,0.14179639518260956,-0.6630750894546509,3.992982726686023e-07,-0.7521137595176697,0.2835924029350281,SUCCESS,/projects/bentosprg6/linwx/research_project/results/task5/batch/task5_0334/boltz_results_task5_0334/predictions/task5_0334/affinity_task5_0334.json
task5_0143,UTEXAS_10000492_R518,UTEXAS_10000492,15,RNA,"Tumor necrosis factor alpha (hTNFα), Human",protein,,-0.702949047088623,0.15293265879154205,-1.1268421411514282,0.0030596796423196793,-0.27905601263046265,0.302805632352829,SUCCESS,/projects/bentosprg6/linwx/research_project/results/task5/batch/task5_0143/boltz_results_task5_0143/predictions/task5_0143/affinity_task5_0143.json
task5_0293,UTEXAS_10001153_R1197,UTEXAS_10001153,Aptamer 8,DNA,Rhesus (Rh) D antigen,protein,403.7,-0.6915192604064941,0.22000251710414886,-0.4976768493652344,0.0010955501347780228,-0.8853616118431091,0.43890947103500366,SUCCESS,/projects/bentosprg6/linwx/research_project/results/task5/batch/task5_0293/boltz_results_task5_0293/predictions/task5_0293/affinity_task5_0293.json
task5_0171,UTEXAS_10000615_R647,UTEXAS_10000615,PB9 aptamer,DNA,Protein kinase C-delta (PKCδ),protein,122,-0.6874830722808838,0.19965261220932007,-0.9058021306991577,1.6291170368276653e-06,-0.46916407346725464,0.3993035852909088,SUCCESS,/projects/bentosprg6/linwx/research_project/results/task5/batch/task5_0171/boltz_results_task5_0171/predictions/task5_0171/affinity_task5_0171.json
task5_0108,UTEXAS_10000436_R462,UTEXAS_10000436,SL-4,DNA,Sialyllactose,ligand,,-0.6831156611442566,0.13294586539268494,-0.10606051981449127,0.00038216327084228396,-1.260170817375183,0.26550957560539246,SUCCESS,/projects/bentosprg6/linwx/research_project/results/task5/batch/task5_0108/boltz_results_task5_0108/predictions/task5_0108/affinity_task5_0108.json
task5_0196,UTEXAS_10000757_R790,UTEXAS_10000757,No. 11,DNA,8-hydroxy-2′-deoxyguanosine (8-OHdG),ligand,,-0.6813507676124573,0.19471140205860138,-0.4602779448032379,4.578843800118193e-05,-0.9024235606193542,0.38937702775001526,SUCCESS,/projects/bentosprg6/linwx/research_project/results/task5/batch/task5_0196/boltz_results_task5_0196/predictions/task5_0196/affinity_task5_0196.json
task5_0278,UTEXAS_10001066_R1109,UTEXAS_10001066,AP250,DNA,Alpha-fetoprotein (AFP),protein,,-0.6784387826919556,0.20058056712150574,-0.07745625078678131,0.00011499782704049721,-1.279421329498291,0.40104612708091736,SUCCESS,/projects/bentosprg6/linwx/research_project/results/task5/batch/task5_0278/boltz_results_task5_0278/predictions/task5_0278/affinity_task5_0278.json
task5_0236,UTEXAS_10000883_R922,UTEXAS_10000883,AMP4,DNA,Ampicillin,ligand,9.4,-0.6761077046394348,0.17422817647457123,-0.9745438098907471,0.034742314368486404,-0.37767159938812256,0.31371402740478516,SUCCESS,/projects/bentosprg6/linwx/research_project/results/task5/batch/task5_0236/boltz_results_task5_0236/predictions/task5_0236/affinity_task5_0236.json
task5_0340,UTEXAS_10001423_R1475,UTEXAS_10001423,E07,RNA,Human epidermal growth factor receptor (hEGFR),protein,2.4,-0.6713506579399109,0.20130398869514465,-0.4367001950740814,8.890077118905992e-09,-0.906001091003418,0.4026079773902893,SUCCESS,/projects/bentosprg6/linwx/research_project/results/task5/batch/task5_0340/boltz_results_task5_0340/predictions/task5_0340/affinity_task5_0340.json
task5_0038,UTEXAS_10000195_R215,UTEXAS_10000195,50F,RNA,"Keratinocyte growth factor (hKGF), Human",protein,0.12,-0.6681727170944214,0.2319604605436325,-0.6401117444038391,0.0025899382308125496,-0.6962336897850037,0.46133098006248474,SUCCESS,/projects/bentosprg6/linwx/research_project/results/task5/batch/task5_0038/boltz_results_task5_0038/predictions/task5_0038/affinity_task5_0038.json
task5_0230,UTEXAS_10000841_R880,UTEXAS_10000841,#3,DNA,"4,4′-Bisphenol (BP)",ligand,139000000,-0.6605013608932495,0.2754623293876648,0.24312841892242432,1.0439308653076296e-06,-1.5641311407089233,0.5509235858917236,SUCCESS,/projects/bentosprg6/linwx/research_project/results/task5/batch/task5_0230/boltz_results_task5_0230/predictions/task5_0230/affinity_task5_0230.json
task5_0269,UTEXAS_10001055_R1098,UTEXAS_10001055,Q1,DNA,Fluoroquinolones,protein,56.9,-0.6555432081222534,0.3279448449611664,0.24104323983192444,3.7390498619060963e-05,-1.5521296262741089,0.6558523178100586,SUCCESS,/projects/bentosprg6/linwx/research_project/results/task5/batch/task5_0269/boltz_results_task5_0269/predictions/task5_0269/affinity_task5_0269.json
task5_0229,UTEXAS_10000841_R879,UTEXAS_10000841,#3,DNA,Bisphenol B (BPB),ligand,139000000,-0.6555147171020508,0.28269433975219727,0.30505436658859253,1.7767963527148822e-06,-1.6160838603973389,0.5653868913650513,SUCCESS,/projects/bentosprg6/linwx/research_project/results/task5/batch/task5_0229/boltz_results_task5_0229/predictions/task5_0229/affinity_task5_0229.json
task5_0341,UTEXAS_10001423_R1476,UTEXAS_10001423,E07,RNA,Mouse epidermal growth factor receptor (mEGFR),protein,36,-0.6491827964782715,0.20287659764289856,-0.39666327834129333,9.038898518554106e-09,-0.9017022848129272,0.4057531952857971,SUCCESS,/projects/bentosprg6/linwx/research_project/results/task5/batch/task5_0341/boltz_results_task5_0341/predictions/task5_0341/affinity_task5_0341.json
task5_0329,UTEXAS_10001333_R1378,UTEXAS_10001333,caDNApt-1,DNA,Cyclic adenosine monophosphate (cAMP),ligand,1000000,-0.6408461332321167,0.7849135398864746,-0.8185687065124512,0.9960294961929321,-0.4631235599517822,0.5737976431846619,SUCCESS,/projects/bentosprg6/linwx/research_project/results/task5/batch/task5_0329/boltz_results_task5_0329/predictions/task5_0329/affinity_task5_0329.json
task5_0169,UTEXAS_10000593_R625,UTEXAS_10000593,Aptamer 31,RNA,DNA polymerase beta (polβ),protein,,-0.6374896764755249,0.24029098451137543,-1.0635837316513062,0.014619158580899239,-0.21139562129974365,0.46596279740333557,SUCCESS,/projects/bentosprg6/linwx/research_project/results/task5/batch/task5_0169/boltz_results_task5_0169/predictions/task5_0169/affinity_task5_0169.json
task5_0123,UTEXAS_10000472_R498,UTEXAS_10000472,apt1,RNA,"Receptor activator of NF-kappaB (RANK), Human",protein,330,-0.6275349855422974,0.43047863245010376,-0.9281305074691772,0.29435792565345764,-0.3269394636154175,0.5665993690490723,SUCCESS,/projects/bentosprg6/linwx/research_project/results/task5/batch/task5_0123/boltz_results_task5_0123/predictions/task5_0123/affinity_task5_0123.json
task5_0081,UTEXAS_10000358_R380,UTEXAS_10000358,DP3,RNA,Neuropeptide Y (NPY),protein,370,-0.626280665397644,0.20079779624938965,-0.640068531036377,9.527764133210326e-10,-0.6124928593635559,0.4015955924987793,SUCCESS,/projects/bentosprg6/linwx/research_project/results/task5/batch/task5_0081/boltz_results_task5_0081/predictions/task5_0081/affinity_task5_0081.json
task5_0139,UTEXAS_10000488_R514,UTEXAS_10000488,11.7,RNA,"Tumor necrosis factor alpha (hTNFα), Human",protein,,-0.6223948001861572,0.2838086187839508,-0.33470427989959717,0.0028723750729113817,-0.9100853204727173,0.5647448897361755,SUCCESS,/projects/bentosprg6/linwx/research_project/results/task5/batch/task5_0139/boltz_results_task5_0139/predictions/task5_0139/affinity_task5_0139.json
task5_0142,UTEXAS_10000491_R517,UTEXAS_10000491,20.4,RNA,"Tumor necrosis factor alpha (hTNFα), Human",protein,,-0.6150952577590942,0.21944524347782135,-0.6537147164344788,0.008852411061525345,-0.5764757394790649,0.43003806471824646,SUCCESS,/projects/bentosprg6/linwx/research_project/results/task5/batch/task5_0142/boltz_results_task5_0142/predictions/task5_0142/affinity_task5_0142.json
task5_0187,UTEXAS_10000674_R706,UTEXAS_10000674,J,DNA,Anti-neuroexcitation peptide III (ANEPIII),protein,228.4,-0.6083836555480957,0.2078220397233963,0.23991751670837402,3.209632382095151e-08,-1.4566848278045654,0.4156440496444702,SUCCESS,/projects/bentosprg6/linwx/research_project/results/task5/batch/task5_0187/boltz_results_task5_0187/predictions/task5_0187/affinity_task5_0187.json
task5_0251,UTEXAS_10000927_R968,UTEXAS_10000927,A4,DNA,Ara h 1 (peanut allergen),protein,1770,-0.5957988500595093,0.2693721354007721,-0.3379518985748291,0.003968997858464718,-0.8536457419395447,0.5347752571105957,SUCCESS,/projects/bentosprg6/linwx/research_project/results/task5/batch/task5_0251/boltz_results_task5_0251/predictions/task5_0251/affinity_task5_0251.json
task5_0150,UTEXAS_10000545_R574,UTEXAS_10000545,Apt- 9.4,DNA,Ethanolamine,ligand,10,-0.5937525629997253,0.34217771887779236,0.1935664713382721,0.2287893146276474,-1.3810715675354004,0.4555661380290985,SUCCESS,/projects/bentosprg6/linwx/research_project/results/task5/batch/task5_0150/boltz_results_task5_0150/predictions/task5_0150/affinity_task5_0150.json
task5_0001,UTEXAS_10000001_R3,UTEXAS_10000001,B4-25,RNA,Reactive Blue 4,ligand,100000,-0.5910786986351013,0.2759186923503876,-1.173580527305603,5.727111007658436e-10,-0.008576862514019012,0.5518373847007751,SUCCESS,/projects/bentosprg6/linwx/research_project/results/task5/batch/task5_0001/boltz_results_task5_0001/predictions/task5_0001/affinity_task5_0001.json
task5_0046,UTEXAS_10000204_R224,UTEXAS_10000204,2N,RNA,"Keratinocyte growth factor (hKGF), Human",protein,0.8,-0.5899106860160828,0.20875072479248047,-0.022660229355096817,4.456266651686747e-06,-1.1571611166000366,0.4174969792366028,SUCCESS,/projects/bentosprg6/linwx/research_project/results/task5/batch/task5_0046/boltz_results_task5_0046/predictions/task5_0046/affinity_task5_0046.json
task5_0242,UTEXAS_10000904_R944,UTEXAS_10000904,S2,RNA,Prostate-specific antigen (PSA),protein,6.3,-0.5723098516464233,0.19707566499710083,-0.7078428268432617,0.006075731012970209,-0.4367768466472626,0.388075590133667,SUCCESS,/projects/bentosprg6/linwx/research_project/results/task5/batch/task5_0242/boltz_results_task5_0242/predictions/task5_0242/affinity_task5_0242.json
task5_0333,UTEXAS_10001374_R1422,UTEXAS_10001374,LDH7r-1,DNA,"Lactate dehydrogenase (LDH), Human",protein,21.3,-0.5672704577445984,0.19006934762001038,-0.10619637370109558,1.0691242096072529e-06,-1.0283445119857788,0.3801376223564148,SUCCESS,/projects/bentosprg6/linwx/research_project/results/task5/batch/task5_0333/boltz_results_task5_0333/predictions/task5_0333/affinity_task5_0333.json
task5_0017,UTEXAS_10000083_R88,UTEXAS_10000083,84,RNA,Vascular Endothelial Growth Factor (VEGF),protein,0.82,-0.5574018955230713,0.170545756816864,-0.21736016869544983,1.8778813171138609e-07,-0.8974435925483704,0.3410913348197937,SUCCESS,/projects/bentosprg6/linwx/research_project/results/task5/batch/task5_0017/boltz_results_task5_0017/predictions/task5_0017/affinity_task5_0017.json
task5_0024,UTEXAS_10000146_R161,UTEXAS_10000146,30-8,DNA,"Thrombin, Human",protein,0.4,-0.5565958619117737,0.34183943271636963,-0.22541172802448273,0.060800887644290924,-0.8877800107002258,0.6228779554367065,SUCCESS,/projects/bentosprg6/linwx/research_project/results/task5/batch/task5_0024/boltz_results_task5_0024/predictions/task5_0024/affinity_task5_0024.json
task5_0146,UTEXAS_10000541_R570,UTEXAS_10000541,Apt- 14.3,DNA,Ethanolamine,ligand,6,-0.556035578250885,0.3708852529525757,0.13998998701572418,0.22854149341583252,-1.252061128616333,0.5132290124893188,SUCCESS,/projects/bentosprg6/linwx/research_project/results/task5/batch/task5_0146/boltz_results_task5_0146/predictions/task5_0146/affinity_task5_0146.json
task5_0308,UTEXAS_10001248_R1292,UTEXAS_10001248,wh6,DNA,Annexin A2 (ANXA2),protein,8.75,-0.5542563796043396,0.14546261727809906,-0.17438630759716034,0.00038329727249220014,-0.9341264367103577,0.29054194688796997,SUCCESS,/projects/bentosprg6/linwx/research_project/results/task5/batch/task5_0308/boltz_results_task5_0308/predictions/task5_0308/affinity_task5_0308.json
task5_0045,UTEXAS_10000203_R223,UTEXAS_10000203,6N,RNA,"Keratinocyte growth factor (hKGF), Human",protein,0.7,-0.5539452433586121,0.22099792957305908,-0.37535226345062256,0.000843291636556387,-0.7325382232666016,0.44115257263183594,SUCCESS,/projects/bentosprg6/linwx/research_project/results/task5/batch/task5_0045/boltz_results_task5_0045/predictions/task5_0045/affinity_task5_0045.json
task5_0091,UTEXAS_10000419_R445,UTEXAS_10000419,#7,DNA,"Pro‐urokinase (PLAU), Human",protein,,-0.5511717796325684,0.16700802743434906,-0.18895387649536133,3.5536384530132636e-05,-0.9133896827697754,0.333980530500412,SUCCESS,/projects/bentosprg6/linwx/research_project/results/task5/batch/task5_0091/boltz_results_task5_0091/predictions/task5_0091/affinity_task5_0091.json
task5_0147,UTEXAS_10000542_R571,UTEXAS_10000542,Apt- 11.4,DNA,Ethanolamine,ligand,9,-0.5507073998451233,0.2715420126914978,0.21056683361530304,0.014287910424172878,-1.3119816780090332,0.5287961363792419,SUCCESS,/projects/bentosprg6/linwx/research_project/results/task5/batch/task5_0147/boltz_results_task5_0147/predictions/task5_0147/affinity_task5_0147.json
task5_0086,UTEXAS_10000373_R395,UTEXAS_10000373,Aptamer 9-12,RNA,Guanosine triphosphate (GTP),ligand,250,-0.5481845140457153,0.2114304006099701,-0.596272349357605,6.055539316512926e-12,-0.5000966191291809,0.4228608012199402,SUCCESS,/projects/bentosprg6/linwx/research_project/results/task5/batch/task5_0086/boltz_results_task5_0086/predictions/task5_0086/affinity_task5_0086.json
task5_0137,UTEXAS_10000486_R512,UTEXAS_10000486,9,RNA,"Tumor necrosis factor alpha (hTNFα), Human",protein,,-0.5368386507034302,0.2373737096786499,-0.40995287895202637,0.0015214324230328202,-0.6637243628501892,0.47322598099708557,SUCCESS,/projects/bentosprg6/linwx/research_project/results/task5/batch/task5_0137/boltz_results_task5_0137/predictions/task5_0137/affinity_task5_0137.json
task5_0035,UTEXAS_10000191_R211,UTEXAS_10000191,15F,RNA,"Keratinocyte growth factor (hKGF), Human",protein,0.07,-0.5335497856140137,0.2600477337837219,-0.8215697407722473,0.010286660864949226,-0.24552977085113525,0.5098087787628174,SUCCESS,/projects/bentosprg6/linwx/research_project/results/task5/batch/task5_0035/boltz_results_task5_0035/predictions/task5_0035/affinity_task5_0035.json
task5_0283,UTEXAS_10001102_R1145,UTEXAS_10001102,ABA65,DNA,"Angiopoietin-2 (Ang2), Human",protein,37.6,-0.5191503763198853,0.2947579622268677,0.03137844800949097,0.0015142795164138079,-1.0696791410446167,0.5880016684532166,SUCCESS,/projects/bentosprg6/linwx/research_project/results/task5/batch/task5_0283/boltz_results_task5_0283/predictions/task5_0283/affinity_task5_0283.json
task5_0292,UTEXAS_10001152_R1196,UTEXAS_10001152,Aptamer 2,DNA,Rhesus (Rh) D antigen,protein,51.46,-0.5182894468307495,0.1987757831811905,0.09374701976776123,0.0002118821139447391,-1.1303259134292603,0.39733967185020447,SUCCESS,/projects/bentosprg6/linwx/research_project/results/task5/batch/task5_0292/boltz_results_task5_0292/predictions/task5_0292/affinity_task5_0292.json
task5_0016,UTEXAS_10000082_R87,UTEXAS_10000082,40,RNA,Vascular Endothelial Growth Factor (VEGF),protein,0.19,-0.5043758153915405,0.24696072936058044,-0.42816925048828125,0.0018316932255402207,-0.5805823802947998,0.49208977818489075,SUCCESS,/projects/bentosprg6/linwx/research_project/results/task5/batch/task5_0016/boltz_results_task5_0016/predictions/task5_0016/affinity_task5_0016.json
task5_0104,UTEXAS_10000432_R458,UTEXAS_10000432,M22,RNA,"4,4′-methylenedianiline (MDA)",ligand,12000,-0.5035208463668823,0.14879210293293,-0.5731131434440613,8.843165915095597e-07,-0.43392854928970337,0.29758331179618835,SUCCESS,/projects/bentosprg6/linwx/research_project/results/task5/batch/task5_0104/boltz_results_task5_0104/predictions/task5_0104/affinity_task5_0104.json
task5_0010,UTEXAS_10000015_R17,UTEXAS_10000015,26A,RNA,Basic fibroblast growth factor (bFGF),protein,0.19,-0.4984317719936371,0.1930413395166397,-0.07586143910884857,8.570117643103004e-05,-0.9210020899772644,0.3859969675540924,SUCCESS,/projects/bentosprg6/linwx/research_project/results/task5/batch/task5_0010/boltz_results_task5_0010/predictions/task5_0010/affinity_task5_0010.json
task5_0009,UTEXAS_10000013_R15,UTEXAS_10000013,12A,RNA,Basic fibroblast growth factor (bFGF),protein,0.51,-0.4927613139152527,0.265144944190979,-0.021303966641426086,0.030921751633286476,-0.9642186760902405,0.49936816096305847,SUCCESS,/projects/bentosprg6/linwx/research_project/results/task5/batch/task5_0009/boltz_results_task5_0009/predictions/task5_0009/affinity_task5_0009.json
task5_0107,UTEXAS_10000435_R461,UTEXAS_10000435,SL-3,DNA,Sialyllactose,ligand,,-0.4858560860157013,0.16039346158504486,0.475485622882843,5.092859737487743e-06,-1.4471977949142456,0.3207818269729614,SUCCESS,/projects/bentosprg6/linwx/research_project/results/task5/batch/task5_0107/boltz_results_task5_0107/predictions/task5_0107/affinity_task5_0107.json
task5_0166,UTEXAS_10000591_R622,UTEXAS_10000591,Aptamer 53,RNA,DNA polymerase beta (polβ),protein,,-0.4824926257133484,0.22736378014087677,0.5665234327316284,4.560921752272407e-06,-1.5315086841583252,0.4547230005264282,SUCCESS,/projects/bentosprg6/linwx/research_project/results/task5/batch/task5_0166/boltz_results_task5_0166/predictions/task5_0166/affinity_task5_0166.json
task5_0268,UTEXAS_10001011_R1054,UTEXAS_10001011,B08,DNA,Ochratoxin A (OTA),ligand,110,-0.482300728559494,0.2699788808822632,-0.5221360325813293,0.17763331532478333,-0.4424654245376587,0.36232444643974304,SUCCESS,/projects/bentosprg6/linwx/research_project/results/task5/batch/task5_0268/boltz_results_task5_0268/predictions/task5_0268/affinity_task5_0268.json
task5_0160,UTEXAS_10000584_R613,UTEXAS_10000584,F52,RNA,RNA-dependent RNA polymerase (3Dpol),protein,625,-0.4725205600261688,0.2887333929538727,-0.00933280773460865,0.0022867063526064157,-0.9357082843780518,0.5751800537109375,SUCCESS,/projects/bentosprg6/linwx/research_project/results/task5/batch/task5_0160/boltz_results_task5_0160/predictions/task5_0160/affinity_task5_0160.json
task5_0012,UTEXAS_10000017_R19,UTEXAS_10000017,28B,RNA,Basic fibroblast growth factor (bFGF),protein,0.32,-0.4682755768299103,0.2301332652568817,0.10793179273605347,0.0025100004859268665,-1.044482946395874,0.45775651931762695,SUCCESS,/projects/bentosprg6/linwx/research_project/results/task5/batch/task5_0012/boltz_results_task5_0012/predictions/task5_0012/affinity_task5_0012.json
task5_0270,UTEXAS_10001056_R1099,UTEXAS_10001056,Q2,DNA,Fluoroquinolones,protein,0.11,-0.4617900848388672,0.27160346508026123,0.3430032730102539,0.0059403786435723305,-1.2665834426879883,0.5372665524482727,SUCCESS,/projects/bentosprg6/linwx/research_project/results/task5/batch/task5_0270/boltz_results_task5_0270/predictions/task5_0270/affinity_task5_0270.json
task5_0090,UTEXAS_10000394_R416,UTEXAS_10000394,T710,RNA,"Thrombin, Bovine",protein,240,-0.4581807851791382,0.3474143147468567,-0.406902939081192,0.18588358163833618,-0.509458601474762,0.5089450478553772,SUCCESS,/projects/bentosprg6/linwx/research_project/results/task5/batch/task5_0090/boltz_results_task5_0090/predictions/task5_0090/affinity_task5_0090.json
task5_0298,UTEXAS_10001183_R1227,UTEXAS_10001183,RAC-6,DNA,Ractopamine (RAC),ligand,54.22,-0.44844186305999756,0.3556891977787018,-0.6042633056640625,0.2128528207540512,-0.2926204204559326,0.49852555990219116,SUCCESS,/projects/bentosprg6/linwx/research_project/results/task5/batch/task5_0298/boltz_results_task5_0298/predictions/task5_0298/affinity_task5_0298.json
task5_0023,UTEXAS_10000144_R159,UTEXAS_10000144,V2 Hammerhead Ribozyme,RNA,Adenosine triphosphate (ATP),ligand,,-0.4462287724018097,0.22011549770832062,-0.9609319567680359,1.286996848648414e-05,0.06847438961267471,0.44021812081336975,SUCCESS,/projects/bentosprg6/linwx/research_project/results/task5/batch/task5_0023/boltz_results_task5_0023/predictions/task5_0023/affinity_task5_0023.json
task5_0296,UTEXAS_10001166_R1210,UTEXAS_10001166,#5,DNA,Chloramphenicol (CAP),ligand,32,-0.44165918231010437,0.19284722208976746,-0.622758150100708,0.046867262572050095,-0.26056021451950073,0.3388271927833557,SUCCESS,/projects/bentosprg6/linwx/research_project/results/task5/batch/task5_0296/boltz_results_task5_0296/predictions/task5_0296/affinity_task5_0296.json
task5_0177,UTEXAS_10000658_R690,UTEXAS_10000658,No. 5,DNA,Oxytetracycline (OTC),ligand,12.08,-0.4336124658584595,0.11805898696184158,0.035082459449768066,0.035215552896261215,-0.902307391166687,0.20090241730213165,SUCCESS,/projects/bentosprg6/linwx/research_project/results/task5/batch/task5_0177/boltz_results_task5_0177/predictions/task5_0177/affinity_task5_0177.json
task5_0121,UTEXAS_10000449_R475,UTEXAS_10000449,SL-17,DNA,Sialyllactose,ligand,,-0.426386296749115,0.16582785546779633,0.18070125579833984,0.010550080798566341,-1.0334738492965698,0.32110562920570374,SUCCESS,/projects/bentosprg6/linwx/research_project/results/task5/batch/task5_0121/boltz_results_task5_0121/predictions/task5_0121/affinity_task5_0121.json
task5_0011,UTEXAS_10000016_R18,UTEXAS_10000016,22B,RNA,Basic fibroblast growth factor (bFGF),protein,0.13,-0.4165700078010559,0.22412170469760895,-0.04614889249205589,0.031145954504609108,-0.7869911193847656,0.41709744930267334,SUCCESS,/projects/bentosprg6/linwx/research_project/results/task5/batch/task5_0011/boltz_results_task5_0011/predictions/task5_0011/affinity_task5_0011.json
task5_0174,UTEXAS_10000640_R672,UTEXAS_10000640,Apt B,DNA,Bifunctional ribulose 5-phosphate reductase (Bcs1),protein,29,-0.38553571701049805,0.2691674828529358,0.4624955952167511,2.2248370441957377e-05,-1.2335669994354248,0.5383127331733704,SUCCESS,/projects/bentosprg6/linwx/research_project/results/task5/batch/task5_0174/boltz_results_task5_0174/predictions/task5_0174/affinity_task5_0174.json
task5_0311,UTEXAS_10001266_R1310,UTEXAS_10001266,NA42,DNA,Neutrophil gelatinase-associated lipocalin (NGAL),protein,66.55,-0.3818281292915344,0.18792887032032013,0.12719908356666565,0.005706994794309139,-0.8908553719520569,0.37015074491500854,SUCCESS,/projects/bentosprg6/linwx/research_project/results/task5/batch/task5_0311/boltz_results_task5_0311/predictions/task5_0311/affinity_task5_0311.json
task5_0157,UTEXAS_10000581_R610,UTEXAS_10000581,V-2,DNA,Streptavidin,protein,,-0.36398041248321533,0.33088114857673645,0.8539009094238281,0.00016192115435842425,-1.5818617343902588,0.6616003513336182,SUCCESS,/projects/bentosprg6/linwx/research_project/results/task5/batch/task5_0157/boltz_results_task5_0157/predictions/task5_0157/affinity_task5_0157.json
task5_0195,UTEXAS_10000756_R789,UTEXAS_10000756,No. 8,DNA,8-hydroxy-2′-deoxyguanosine (8-OHdG),ligand,,-0.36109989881515503,0.1687377393245697,0.6345075368881226,4.8575227992841974e-05,-1.3567073345184326,0.33742690086364746,SUCCESS,/projects/bentosprg6/linwx/research_project/results/task5/batch/task5_0195/boltz_results_task5_0195/predictions/task5_0195/affinity_task5_0195.json
task5_0148,UTEXAS_10000543_R572,UTEXAS_10000543,Apt- 2.3,DNA,Ethanolamine,ligand,17,-0.3589508533477783,0.23415954411029816,0.5629768371582031,0.049942877143621445,-1.2808785438537598,0.41837620735168457,SUCCESS,/projects/bentosprg6/linwx/research_project/results/task5/batch/task5_0148/boltz_results_task5_0148/predictions/task5_0148/affinity_task5_0148.json
task5_0176,UTEXAS_10000657_R689,UTEXAS_10000657,No. 4,DNA,Oxytetracycline (OTC),ligand,9.61,-0.35670197010040283,0.10481200367212296,-0.10207144170999527,0.004902308341115713,-0.6113324761390686,0.20472170412540436,SUCCESS,/projects/bentosprg6/linwx/research_project/results/task5/batch/task5_0176/boltz_results_task5_0176/predictions/task5_0176/affinity_task5_0176.json
task5_0274,UTEXAS_10001062_R1105,UTEXAS_10001062,DNA04,DNA,Palladium ion,ligand,,-0.35035449266433716,0.07139631360769272,0.23922044038772583,2.4694110834388994e-05,-0.9399294257164001,0.14276793599128723,SUCCESS,/projects/bentosprg6/linwx/research_project/results/task5/batch/task5_0274/boltz_results_task5_0274/predictions/task5_0274/affinity_task5_0274.json
task5_0008,UTEXAS_10000012_R14,UTEXAS_10000012,21A,RNA,Basic fibroblast growth factor (bFGF),protein,8.1,-0.3457266092300415,0.29172059893608093,-0.26594939827919006,0.1426602452993393,-0.42550384998321533,0.4407809376716614,SUCCESS,/projects/bentosprg6/linwx/research_project/results/task5/batch/task5_0008/boltz_results_task5_0008/predictions/task5_0008/affinity_task5_0008.json
task5_0167,UTEXAS_10000592_R623,UTEXAS_10000592,Aptamer 45,RNA,DNA polymerase beta (polβ),protein,490,-0.3419286012649536,0.24319511651992798,0.4215400516986847,1.1053544767491985e-05,-1.1053972244262695,0.4863791763782501,SUCCESS,/projects/bentosprg6/linwx/research_project/results/task5/batch/task5_0167/boltz_results_task5_0167/predictions/task5_0167/affinity_task5_0167.json
task5_0208,UTEXAS_10000789_R823,UTEXAS_10000789,C2,RNA,Sphingosylphosphorylcholine (SPC),ligand,33.2,-0.3408908545970917,0.18220333755016327,-0.27053898572921753,3.2160794916080704e-08,-0.4112427234649658,0.36440664529800415,SUCCESS,/projects/bentosprg6/linwx/research_project/results/task5/batch/task5_0208/boltz_results_task5_0208/predictions/task5_0208/affinity_task5_0208.json
task5_0191,UTEXAS_10000699_R731,UTEXAS_10000699,85C,DNA,Fibrinogen,protein,17.1,-0.33439403772354126,0.19783931970596313,0.4235566556453705,1.7474474134360207e-07,-1.0923447608947754,0.39567846059799194,SUCCESS,/projects/bentosprg6/linwx/research_project/results/task5/batch/task5_0191/boltz_results_task5_0191/predictions/task5_0191/affinity_task5_0191.json
task5_0102,UTEXAS_10000430_R456,UTEXAS_10000430,M1,RNA,"4,4′-methylenedianiline (MDA)",ligand,450,-0.33400189876556396,0.25679847598075867,-1.1047550439834595,1.6618154404568486e-05,0.43675124645233154,0.513580322265625,SUCCESS,/projects/bentosprg6/linwx/research_project/results/task5/batch/task5_0102/boltz_results_task5_0102/predictions/task5_0102/affinity_task5_0102.json
task5_0007,UTEXAS_10000011_R13,UTEXAS_10000011,14A,RNA,Basic fibroblast growth factor (bFGF),protein,3,-0.3308321535587311,0.25925832986831665,0.05801684409379959,0.018060555681586266,-0.7196811437606812,0.5004560947418213,SUCCESS,/projects/bentosprg6/linwx/research_project/results/task5/batch/task5_0007/boltz_results_task5_0007/predictions/task5_0007/affinity_task5_0007.json
task5_0113,UTEXAS_10000441_R467,UTEXAS_10000441,SL-9,DNA,Sialyllactose,ligand,,-0.32737997174263,0.15057894587516785,0.8339564204216003,2.622303554744576e-06,-1.4887163639068604,0.3011552691459656,SUCCESS,/projects/bentosprg6/linwx/research_project/results/task5/batch/task5_0113/boltz_results_task5_0113/predictions/task5_0113/affinity_task5_0113.json
task5_0067,UTEXAS_10000301_R323,UTEXAS_10000301,26,DNA,Hematoporphyrin IX (HPIX),ligand,1600,-0.32391008734703064,0.2667132318019867,0.8269551396369934,0.002788667567074299,-1.4747753143310547,0.530637800693512,SUCCESS,/projects/bentosprg6/linwx/research_project/results/task5/batch/task5_0067/boltz_results_task5_0067/predictions/task5_0067/affinity_task5_0067.json
task5_0069,UTEXAS_10000303_R325,UTEXAS_10000303,32,DNA,Hematoporphyrin IX (HPIX),ligand,9800,-0.3145025670528412,0.2641931176185608,0.5868893265724182,0.0009342042612843215,-1.2158944606781006,0.5274520516395569,SUCCESS,/projects/bentosprg6/linwx/research_project/results/task5/batch/task5_0069/boltz_results_task5_0069/predictions/task5_0069/affinity_task5_0069.json
task5_0288,UTEXAS_10001141_R1184,UTEXAS_10001141,ER_Apt1,DNA,Estrogen receptor alpha (ERα),protein,11.5,-0.3109336793422699,0.1776869297027588,0.347934365272522,0.0019110171124339104,-0.9698017239570618,0.3534628450870514,SUCCESS,/projects/bentosprg6/linwx/research_project/results/task5/batch/task5_0288/boltz_results_task5_0288/predictions/task5_0288/affinity_task5_0288.json
task5_0064,UTEXAS_10000298_R320,UTEXAS_10000298,14,DNA,Hematoporphyrin IX (HPIX),ligand,120000,-0.30576974153518677,0.24853761494159698,0.9483082294464111,0.00017418737115804106,-1.5598477125167847,0.4969010353088379,SUCCESS,/projects/bentosprg6/linwx/research_project/results/task5/batch/task5_0064/boltz_results_task5_0064/predictions/task5_0064/affinity_task5_0064.json
task5_0216,UTEXAS_10000806_R842,UTEXAS_10000806,21-E,RNA,Zinc-finger antiviral protein (ZAP),protein,,-0.3001849353313446,0.18552573025226593,0.03322836011648178,9.689664148027077e-05,-0.6335982084274292,0.37095457315444946,SUCCESS,/projects/bentosprg6/linwx/research_project/results/task5/batch/task5_0216/boltz_results_task5_0216/predictions/task5_0216/affinity_task5_0216.json
task5_0306,UTEXAS_10001246_R1290,UTEXAS_10001246,Fur_14,DNA,Furaneol,ligand,1.1,-0.2915167808532715,0.11659405380487442,0.06339690089225769,0.002392103197053075,-0.6464304327964783,0.23079600930213928,SUCCESS,/projects/bentosprg6/linwx/research_project/results/task5/batch/task5_0306/boltz_results_task5_0306/predictions/task5_0306/affinity_task5_0306.json
task5_0227,UTEXAS_10000822_R858,UTEXAS_10000822,Aptamer 20,DNA,Chloramphenicol (Cam),ligand,2200,-0.286909282207489,0.462039589881897,-0.3391276001930237,0.42788612842559814,-0.23469093441963196,0.4961930513381958,SUCCESS,/projects/bentosprg6/linwx/research_project/results/task5/batch/task5_0227/boltz_results_task5_0227/predictions/task5_0227/affinity_task5_0227.json
task5_0245,UTEXAS_10000910_R950,UTEXAS_10000910,"2′,4′-BNA/LNA (A#23)",DNA,"Thrombin, Human",protein,20,-0.27715012431144714,0.13934451341629028,0.38015925884246826,0.000386319647077471,-0.9344595074653625,0.27830269932746887,SUCCESS,/projects/bentosprg6/linwx/research_project/results/task5/batch/task5_0245/boltz_results_task5_0245/predictions/task5_0245/affinity_task5_0245.json
task5_0336,UTEXAS_10001377_R1425,UTEXAS_10001377,LDH9r-1,DNA,"Lactate dehydrogenase (LDH), Human",protein,19.3,-0.27540597319602966,0.20816278457641602,0.3402460813522339,1.1189984938653197e-08,-0.8910580277442932,0.41632556915283203,SUCCESS,/projects/bentosprg6/linwx/research_project/results/task5/batch/task5_0336/boltz_results_task5_0336/predictions/task5_0336/affinity_task5_0336.json
task5_0326,UTEXAS_10001327_R1371,UTEXAS_10001327,DUX4 aptamer,RNA,Double homeobox protein 4 (DUX4),protein,20,-0.2736054062843323,0.2775740921497345,-0.32096725702285767,0.030008671805262566,-0.22624355554580688,0.5251395106315613,SUCCESS,/projects/bentosprg6/linwx/research_project/results/task5/batch/task5_0326/boltz_results_task5_0326/predictions/task5_0326/affinity_task5_0326.json
task5_0277,UTEXAS_10001065_R1108,UTEXAS_10001065,AP206,DNA,Alpha-fetoprotein (AFP),protein,,-0.24989020824432373,0.30972960591316223,1.0793095827102661,1.2236138324794865e-08,-1.5790899991989136,0.6194592118263245,SUCCESS,/projects/bentosprg6/linwx/research_project/results/task5/batch/task5_0277/boltz_results_task5_0277/predictions/task5_0277/affinity_task5_0277.json
task5_0027,UTEXAS_10000151_R166,UTEXAS_10000151,30-38,DNA,"Thrombin, Human",protein,,-0.24613577127456665,0.3648128807544708,0.6111584901809692,0.0028793485835194588,-1.1034300327301025,0.7267464399337769,SUCCESS,/projects/bentosprg6/linwx/research_project/results/task5/batch/task5_0027/boltz_results_task5_0027/predictions/task5_0027/affinity_task5_0027.json
task5_0253,UTEXAS_10000929_R970,UTEXAS_10000929,A6,DNA,Ara h 1 (peanut allergen),protein,1210,-0.24038287997245789,0.2922794818878174,0.35882943868637085,0.0004376532160677016,-0.8395951986312866,0.5841212868690491,SUCCESS,/projects/bentosprg6/linwx/research_project/results/task5/batch/task5_0253/boltz_results_task5_0253/predictions/task5_0253/affinity_task5_0253.json
task5_0262,UTEXAS_10000982_R1025,UTEXAS_10000982,AptER-2,RNA,Estrogen receptor alpha (ERα),protein,21,-0.2372913360595703,0.23606915771961212,-0.13131046295166016,4.145539380523422e-12,-0.34327220916748047,0.47213831543922424,SUCCESS,/projects/bentosprg6/linwx/research_project/results/task5/batch/task5_0262/boltz_results_task5_0262/predictions/task5_0262/affinity_task5_0262.json
task5_0250,UTEXAS_10000926_R967,UTEXAS_10000926,A3,DNA,Ara h 1 (peanut allergen),protein,,-0.22444075345993042,0.3322872221469879,0.6323550939559937,7.553217437816784e-05,-1.0812366008758545,0.6644989252090454,SUCCESS,/projects/bentosprg6/linwx/research_project/results/task5/batch/task5_0250/boltz_results_task5_0250/predictions/task5_0250/affinity_task5_0250.json
task5_0152,UTEXAS_10000573_R602,UTEXAS_10000573,ARC224,RNA,Vascular endothelial growth factor (VEGF),protein,3.9,-0.2226436734199524,0.17782042920589447,0.04299551993608475,2.1130540872604797e-08,-0.48828285932540894,0.35564082860946655,SUCCESS,/projects/bentosprg6/linwx/research_project/results/task5/batch/task5_0152/boltz_results_task5_0152/predictions/task5_0152/affinity_task5_0152.json
task5_0289,UTEXAS_10001142_R1185,UTEXAS_10001142,ER_Apt2,DNA,Estrogen receptor alpha (ERα),protein,,-0.21324920654296875,0.29982835054397583,0.48228365182876587,2.0195752767904196e-06,-0.9087820649147034,0.5996546745300293,SUCCESS,/projects/bentosprg6/linwx/research_project/results/task5/batch/task5_0289/boltz_results_task5_0289/predictions/task5_0289/affinity_task5_0289.json
task5_0190,UTEXAS_10000698_R730,UTEXAS_10000698,85B,DNA,Fibrinogen,protein,6.4,-0.2121526449918747,0.2597512900829315,0.2324284017086029,0.00010017140448326245,-0.6567336916923523,0.5194023847579956,SUCCESS,/projects/bentosprg6/linwx/research_project/results/task5/batch/task5_0190/boltz_results_task5_0190/predictions/task5_0190/affinity_task5_0190.json
task5_0118,UTEXAS_10000446_R472,UTEXAS_10000446,SL-14,DNA,Sialyllactose,ligand,,-0.20120024681091309,0.1320369690656662,1.2394256591796875,8.047841220104601e-07,-1.6418261528015137,0.26407313346862793,SUCCESS,/projects/bentosprg6/linwx/research_project/results/task5/batch/task5_0118/boltz_results_task5_0118/predictions/task5_0118/affinity_task5_0118.json
task5_0138,UTEXAS_10000487_R513,UTEXAS_10000487,10,RNA,"Tumor necrosis factor alpha (hTNFα), Human",protein,,-0.18896636366844177,0.2965153455734253,0.3918038606643677,0.007488518953323364,-0.7697365880012512,0.5855422019958496,SUCCESS,/projects/bentosprg6/linwx/research_project/results/task5/batch/task5_0138/boltz_results_task5_0138/predictions/task5_0138/affinity_task5_0138.json
task5_0135,UTEXAS_10000484_R510,UTEXAS_10000484,6,RNA,"Tumor necrosis factor alpha (hTNFα), Human",protein,,-0.1513654887676239,0.22426362335681915,0.6557625532150269,0.01670859009027481,-0.9584935307502747,0.4318186640739441,SUCCESS,/projects/bentosprg6/linwx/research_project/results/task5/batch/task5_0135/boltz_results_task5_0135/predictions/task5_0135/affinity_task5_0135.json
task5_0211,UTEXAS_10000801_R837,UTEXAS_10000801,PSap#4-3,DNA,Prostate specific antigen (PSA),protein,,-0.14697319269180298,0.11808963119983673,0.7493451833724976,0.0003955865104217082,-1.0432915687561035,0.2357836812734604,SUCCESS,/projects/bentosprg6/linwx/research_project/results/task5/batch/task5_0211/boltz_results_task5_0211/predictions/task5_0211/affinity_task5_0211.json
task5_0114,UTEXAS_10000442_R468,UTEXAS_10000442,SL-10,DNA,Sialyllactose,ligand,,-0.13426536321640015,0.1572643667459488,1.2820619344711304,3.07200821225706e-07,-1.5505926609039307,0.3145284354686737,SUCCESS,/projects/bentosprg6/linwx/research_project/results/task5/batch/task5_0114/boltz_results_task5_0114/predictions/task5_0114/affinity_task5_0114.json
task5_0302,UTEXAS_10001194_R1238,UTEXAS_10001194,G-ap49,DNA,Gremlin-1,protein,2.6,-0.13372600078582764,0.2537561058998108,0.6778602600097656,2.466308387738536e-06,-0.9453122615814209,0.5075097680091858,SUCCESS,/projects/bentosprg6/linwx/research_project/results/task5/batch/task5_0302/boltz_results_task5_0302/predictions/task5_0302/affinity_task5_0302.json
task5_0256,UTEXAS_10000958_R999,UTEXAS_10000958,N14,DNA,N-glycolylneuraminic acid (Neu5Gc),ligand,6.13,-0.13253208994865417,0.5849474668502808,0.4079539179801941,0.9094865918159485,-0.6730180978775024,0.2604084014892578,SUCCESS,/projects/bentosprg6/linwx/research_project/results/task5/batch/task5_0256/boltz_results_task5_0256/predictions/task5_0256/affinity_task5_0256.json
task5_0131,UTEXAS_10000480_R506,UTEXAS_10000480,18.1,RNA,"Tumor necrosis factor alpha (hTNFα), Human",protein,,-0.12409386038780212,0.25915971398353577,0.5110776424407959,0.02542652189731598,-0.7592653632164001,0.49289289116859436,SUCCESS,/projects/bentosprg6/linwx/research_project/results/task5/batch/task5_0131/boltz_results_task5_0131/predictions/task5_0131/affinity_task5_0131.json
task5_0285,UTEXAS_10001132_R1175,UTEXAS_10001132,AFLA5,DNA,Aflatoxin B1 (AFB1),protein,50.45,-0.11187830567359924,0.3081331253051758,0.5965737700462341,0.0003965166106354445,-0.8203303813934326,0.6158697605133057,SUCCESS,/projects/bentosprg6/linwx/research_project/results/task5/batch/task5_0285/boltz_results_task5_0285/predictions/task5_0285/affinity_task5_0285.json
task5_0335,UTEXAS_10001376_R1424,UTEXAS_10001376,LDH8r-2,DNA,"Lactate dehydrogenase (LDH), Human",protein,10.2,-0.10697340965270996,0.24029254913330078,1.0959221124649048,9.077747563424055e-06,-1.3098689317703247,0.4805760085582733,SUCCESS,/projects/bentosprg6/linwx/research_project/results/task5/batch/task5_0335/boltz_results_task5_0335/predictions/task5_0335/affinity_task5_0335.json
task5_0094,UTEXAS_10000422_R448,UTEXAS_10000422,#17,DNA,"Pro‐urokinase (PLAU), Human",protein,,-0.1035240888595581,0.20088458061218262,0.9434244632720947,0.0011004898697137833,-1.150472640991211,0.4006686806678772,SUCCESS,/projects/bentosprg6/linwx/research_project/results/task5/batch/task5_0094/boltz_results_task5_0094/predictions/task5_0094/affinity_task5_0094.json
task5_0235,UTEXAS_10000882_R921,UTEXAS_10000882,Truncated D2,DNA,Digoxin,ligand,44,-0.09627607464790344,0.1020960584282875,0.6304622888565063,7.127816388674546e-06,-0.8230144381523132,0.20418499410152435,SUCCESS,/projects/bentosprg6/linwx/research_project/results/task5/batch/task5_0235/boltz_results_task5_0235/predictions/task5_0235/affinity_task5_0235.json
task5_0279,UTEXAS_10001067_R1110,UTEXAS_10001067,AP211,DNA,Alpha-fetoprotein (AFP),protein,,-0.08816695213317871,0.19332347810268402,1.1721186637878418,2.3548377470206105e-08,-1.3484525680541992,0.38664692640304565,SUCCESS,/projects/bentosprg6/linwx/research_project/results/task5/batch/task5_0279/boltz_results_task5_0279/predictions/task5_0279/affinity_task5_0279.json
task5_0101,UTEXAS_10000429_R455,UTEXAS_10000429,#32,DNA,"Pro‐urokinase (PLAU), Human",protein,,-0.0860137939453125,0.26177340745925903,0.9458497762680054,5.306141611072235e-05,-1.1178773641586304,0.523493766784668,SUCCESS,/projects/bentosprg6/linwx/research_project/results/task5/batch/task5_0101/boltz_results_task5_0101/predictions/task5_0101/affinity_task5_0101.json
task5_0004,UTEXAS_10000008_R10,UTEXAS_10000008,5A,RNA,Basic fibroblast growth factor (bFGF),protein,23,-0.08402201533317566,0.27192580699920654,0.4368898868560791,0.03325267508625984,-0.6049339175224304,0.5105989575386047,SUCCESS,/projects/bentosprg6/linwx/research_project/results/task5/batch/task5_0004/boltz_results_task5_0004/predictions/task5_0004/affinity_task5_0004.json
task5_0275,UTEXAS_10001063_R1106,UTEXAS_10001063,AP273,DNA,Alpha-fetoprotein (AFP),protein,500,-0.07920238375663757,0.23834528028964996,0.8021100759506226,3.790729351749178e-06,-0.9605148434638977,0.4766867756843567,SUCCESS,/projects/bentosprg6/linwx/research_project/results/task5/batch/task5_0275/boltz_results_task5_0275/predictions/task5_0275/affinity_task5_0275.json
task5_0095,UTEXAS_10000423_R449,UTEXAS_10000423,#18,DNA,"Pro‐urokinase (PLAU), Human",protein,,-0.07737982273101807,0.22186025977134705,0.9998980760574341,7.95897540228907e-06,-1.1546577215194702,0.4437125623226166,SUCCESS,/projects/bentosprg6/linwx/research_project/results/task5/batch/task5_0095/boltz_results_task5_0095/predictions/task5_0095/affinity_task5_0095.json
task5_0301,UTEXAS_10001187_R1231,UTEXAS_10001187,BBA1,DNA,Benzylpenicillin (penicillin G),ligand,383,-0.07166886329650879,0.09751543402671814,0.3874569535255432,3.9199809975798416e-07,-0.5307946801185608,0.19503048062324524,SUCCESS,/projects/bentosprg6/linwx/research_project/results/task5/batch/task5_0301/boltz_results_task5_0301/predictions/task5_0301/affinity_task5_0301.json
task5_0140,UTEXAS_10000489_R515,UTEXAS_10000489,13.2,RNA,"Tumor necrosis factor alpha (hTNFα), Human",protein,,-0.06427600979804993,0.20131222903728485,0.846449613571167,0.0030085493344813585,-0.9750016331672668,0.39961591362953186,SUCCESS,/projects/bentosprg6/linwx/research_project/results/task5/batch/task5_0140/boltz_results_task5_0140/predictions/task5_0140/affinity_task5_0140.json
task5_0247,UTEXAS_10000918_R959,UTEXAS_10000918,OA34,DNA,Okadaic acid (OA),ligand,77,-0.04846423864364624,0.1082637757062912,0.5090524554252625,0.00033459835685789585,-0.6059809327125549,0.21619294583797455,SUCCESS,/projects/bentosprg6/linwx/research_project/results/task5/batch/task5_0247/boltz_results_task5_0247/predictions/task5_0247/affinity_task5_0247.json
task5_0192,UTEXAS_10000700_R732,UTEXAS_10000700,C13,RNA,G-protein-coupled receptor kinase 2 (GRK2),protein,78.2,-0.04011433571577072,0.24155202507972717,-0.26064610481262207,0.008034965954720974,0.18041743338108063,0.4750690758228302,SUCCESS,/projects/bentosprg6/linwx/research_project/results/task5/batch/task5_0192/boltz_results_task5_0192/predictions/task5_0192/affinity_task5_0192.json
task5_0297,UTEXAS_10001167_R1211,UTEXAS_10001167,#4,DNA,Chloramphenicol (CAP),ligand,101.62,-0.027658045291900635,0.13616694509983063,0.772641122341156,0.002441919408738613,-0.8279572129249573,0.26989197731018066,SUCCESS,/projects/bentosprg6/linwx/research_project/results/task5/batch/task5_0297/boltz_results_task5_0297/predictions/task5_0297/affinity_task5_0297.json
task5_0144,UTEXAS_10000530_R556,UTEXAS_10000530,Aptamer 1,DNA,Fibronectin,ligand,,-0.018812119960784912,0.1116662248969078,0.8239535093307495,3.146315066260286e-05,-0.8615777492523193,0.2233009934425354,SUCCESS,/projects/bentosprg6/linwx/research_project/results/task5/batch/task5_0144/boltz_results_task5_0144/predictions/task5_0144/affinity_task5_0144.json
task5_0120,UTEXAS_10000448_R474,UTEXAS_10000448,SL-16,DNA,Sialyllactose,ligand,,-0.018507838249206543,0.10030423849821091,0.8052709698677063,8.699821773916483e-05,-0.8422866463661194,0.20052148401737213,SUCCESS,/projects/bentosprg6/linwx/research_project/results/task5/batch/task5_0120/boltz_results_task5_0120/predictions/task5_0120/affinity_task5_0120.json
task5_0325,UTEXAS_10001319_R1363,UTEXAS_10001319,CRP–Ugu4-3,DNA,C-reactive protein (CRP). Human,protein,0.0062,-0.01785832643508911,0.3368818759918213,1.4344233274459839,9.108636618293531e-07,-1.470139980316162,0.673762857913971,SUCCESS,/projects/bentosprg6/linwx/research_project/results/task5/batch/task5_0325/boltz_results_task5_0325/predictions/task5_0325/affinity_task5_0325.json
task5_0119,UTEXAS_10000447_R473,UTEXAS_10000447,SL-15,DNA,Sialyllactose,ligand,,-0.008439868688583374,0.10706861317157745,0.8418713808059692,4.501956209423952e-05,-0.858751118183136,0.2140922099351883,SUCCESS,/projects/bentosprg6/linwx/research_project/results/task5/batch/task5_0119/boltz_results_task5_0119/predictions/task5_0119/affinity_task5_0119.json
task5_0155,UTEXAS_10000579_R608,UTEXAS_10000579,III-30,DNA,Streptavidin,protein,65.5,-0.006098300218582153,0.15856681764125824,0.9822521209716797,0.0004155042697675526,-0.994448721408844,0.31671813130378723,SUCCESS,/projects/bentosprg6/linwx/research_project/results/task5/batch/task5_0155/boltz_results_task5_0155/predictions/task5_0155/affinity_task5_0155.json
task5_0153,UTEXAS_10000577_R606,UTEXAS_10000577,I-26,DNA,Streptavidin,protein,85.2,-6.0558319091796875e-05,0.2595597207546234,1.3397164344787598,3.5996376368530036e-07,-1.3398375511169434,0.5191190838813782,SUCCESS,/projects/bentosprg6/linwx/research_project/results/task5/batch/task5_0153/boltz_results_task5_0153/predictions/task5_0153/affinity_task5_0153.json
task5_0284,UTEXAS_10001131_R1174,UTEXAS_10001131,Bap5,DNA,Brevetoxin-2 (BTX-2),ligand,4830,0.0008265376091003418,0.19012877345085144,1.0281273126602173,0.10748225450515747,-1.0264742374420166,0.2727752923965454,SUCCESS,/projects/bentosprg6/linwx/research_project/results/task5/batch/task5_0284/boltz_results_task5_0284/predictions/task5_0284/affinity_task5_0284.json
task5_0224,UTEXAS_10000819_R855,UTEXAS_10000819,Aptamer 9,DNA,Chloramphenicol (Cam),ligand,20030,0.004798144102096558,0.10207588970661163,0.5651144981384277,0.0017229008954018354,-0.5555182099342346,0.2024288773536682,SUCCESS,/projects/bentosprg6/linwx/research_project/results/task5/batch/task5_0224/boltz_results_task5_0224/predictions/task5_0224/affinity_task5_0224.json
task5_0238,UTEXAS_10000886_R925,UTEXAS_10000886,HER2 aptamer (HB5),DNA,Epitope peptide of human epithelial growth factor receptor 2 (HER2),protein,18.9,0.006266772747039795,0.28564879298210144,1.2491673231124878,6.424693879125698e-07,-1.2366337776184082,0.5712969303131104,SUCCESS,/projects/bentosprg6/linwx/research_project/results/task5/batch/task5_0238/boltz_results_task5_0238/predictions/task5_0238/affinity_task5_0238.json
task5_0122,UTEXAS_10000450_R476,UTEXAS_10000450,SL-18,DNA,Sialyllactose,ligand,,0.00920453667640686,0.24910815060138702,0.86077880859375,0.15765461325645447,-0.8423697352409363,0.3405616879463196,SUCCESS,/projects/bentosprg6/linwx/research_project/results/task5/batch/task5_0122/boltz_results_task5_0122/predictions/task5_0122/affinity_task5_0122.json
task5_0130,UTEXAS_10000479_R505,UTEXAS_10000479,16.3,RNA,"Tumor necrosis factor alpha (hTNFα), Human",protein,,0.01841825246810913,0.20506776869297028,1.060118317604065,0.00044420608901418746,-1.0232818126678467,0.40969133377075195,SUCCESS,/projects/bentosprg6/linwx/research_project/results/task5/batch/task5_0130/boltz_results_task5_0130/predictions/task5_0130/affinity_task5_0130.json
task5_0295,UTEXAS_10001162_R1206,UTEXAS_10001162,P37,DNA,Penicillin G,ligand,,0.020493894815444946,0.0943184643983841,0.8481477499008179,0.0012982399202883244,-0.807159960269928,0.1873386949300766,SUCCESS,/projects/bentosprg6/linwx/research_project/results/task5/batch/task5_0295/boltz_results_task5_0295/predictions/task5_0295/affinity_task5_0295.json
task5_0240,UTEXAS_10000898_R938,UTEXAS_10000898,OTC3,DNA,Oxytetracycline (OTC),ligand,4.7,0.029311180114746094,0.06826797872781754,0.7725598812103271,1.1401460142224096e-05,-0.713937520980835,0.13652455806732178,SUCCESS,/projects/bentosprg6/linwx/research_project/results/task5/batch/task5_0240/boltz_results_task5_0240/predictions/task5_0240/affinity_task5_0240.json
task5_0254,UTEXAS_10000930_R971,UTEXAS_10000930,A7,DNA,Ara h 1 (peanut allergen),protein,,0.03891429305076599,0.2059413194656372,0.7767853736877441,0.015720678493380547,-0.6989567875862122,0.3961619734764099,SUCCESS,/projects/bentosprg6/linwx/research_project/results/task5/batch/task5_0254/boltz_results_task5_0254/predictions/task5_0254/affinity_task5_0254.json
task5_0218,UTEXAS_10000810_R846,UTEXAS_10000810,IBA 2,DNA,(R)-ibuprofen,ligand,3000,0.041503697633743286,0.1312747299671173,0.6590503454208374,0.0013885920634493232,-0.5760429501533508,0.26116088032722473,SUCCESS,/projects/bentosprg6/linwx/research_project/results/task5/batch/task5_0218/boltz_results_task5_0218/predictions/task5_0218/affinity_task5_0218.json
task5_0226,UTEXAS_10000821_R857,UTEXAS_10000821,Aptamer 16,DNA,Chloramphenicol (Cam),ligand,11600,0.05674615502357483,0.15203914046287537,0.9799755811691284,8.098393300315365e-05,-0.8664832711219788,0.30399730801582336,SUCCESS,/projects/bentosprg6/linwx/research_project/results/task5/batch/task5_0226/boltz_results_task5_0226/predictions/task5_0226/affinity_task5_0226.json
task5_0006,UTEXAS_10000010_R12,UTEXAS_10000010,13A,RNA,Basic fibroblast growth factor (bFGF),protein,3.2,0.06065493822097778,0.2838968336582184,0.5534813404083252,0.07619043439626694,-0.43217146396636963,0.4916032552719116,SUCCESS,/projects/bentosprg6/linwx/research_project/results/task5/batch/task5_0006/boltz_results_task5_0006/predictions/task5_0006/affinity_task5_0006.json
task5_0252,UTEXAS_10000928_R969,UTEXAS_10000928,A5,DNA,Ara h 1 (peanut allergen),protein,,0.07753273844718933,0.2969628870487213,1.105066180229187,0.0027513469103723764,-0.9500007033348083,0.5911744236946106,SUCCESS,/projects/bentosprg6/linwx/research_project/results/task5/batch/task5_0252/boltz_results_task5_0252/predictions/task5_0252/affinity_task5_0252.json
task5_0145,UTEXAS_10000531_R557,UTEXAS_10000531,Aptamer 2,DNA,Fibronectin,ligand,,0.0918462872505188,0.1377384066581726,1.124470829963684,0.00015294019249267876,-0.9407782554626465,0.27532386779785156,SUCCESS,/projects/bentosprg6/linwx/research_project/results/task5/batch/task5_0145/boltz_results_task5_0145/predictions/task5_0145/affinity_task5_0145.json
task5_0033,UTEXAS_10000189_R209,UTEXAS_10000189,14F,RNA,"Keratinocyte growth factor (hKGF), Human",protein,0.001,0.09632560610771179,0.2536081075668335,0.834858238697052,0.00047185173025354743,-0.6422070264816284,0.506744384765625,SUCCESS,/projects/bentosprg6/linwx/research_project/results/task5/batch/task5_0033/boltz_results_task5_0033/predictions/task5_0033/affinity_task5_0033.json
task5_0258,UTEXAS_10000960_R1001,UTEXAS_10000960,N32,DNA,N-glycolylneuraminic acid (Neu5Gc),ligand,6.49,0.1015116274356842,0.19117692112922668,0.9381621479988098,0.002459281822666526,-0.7351388931274414,0.37989455461502075,SUCCESS,/projects/bentosprg6/linwx/research_project/results/task5/batch/task5_0258/boltz_results_task5_0258/predictions/task5_0258/affinity_task5_0258.json
task5_0212,UTEXAS_10000802_R838,UTEXAS_10000802,PSap#4-4,DNA,Prostate specific antigen (PSA),protein,,0.10441941022872925,0.34549665451049805,1.4189573526382446,3.950473546865396e-05,-1.2101185321807861,0.69095379114151,SUCCESS,/projects/bentosprg6/linwx/research_project/results/task5/batch/task5_0212/boltz_results_task5_0212/predictions/task5_0212/affinity_task5_0212.json
task5_0234,UTEXAS_10000881_R920,UTEXAS_10000881,Truncated D1,DNA,Digoxin,ligand,8.2,0.10628706216812134,0.12260953336954117,0.801582396030426,1.5780473461290967e-07,-0.5890082716941833,0.2452189028263092,SUCCESS,/projects/bentosprg6/linwx/research_project/results/task5/batch/task5_0234/boltz_results_task5_0234/predictions/task5_0234/affinity_task5_0234.json
task5_0098,UTEXAS_10000426_R452,UTEXAS_10000426,#27,DNA,"Pro‐urokinase (PLAU), Human",protein,,0.1089853048324585,0.2599915862083435,1.3413872718811035,6.399808171408949e-06,-1.1234166622161865,0.519976794719696,SUCCESS,/projects/bentosprg6/linwx/research_project/results/task5/batch/task5_0098/boltz_results_task5_0098/predictions/task5_0098/affinity_task5_0098.json
task5_0322,UTEXAS_10001310_R1354,UTEXAS_10001310,EPCAM-APT-01,DNA,Epithelial cell adhesion molecule (EpCAM),protein,25,0.11306965351104736,0.149769127368927,1.2292413711547852,5.68591474348068e-07,-1.0031020641326904,0.29953768849372864,SUCCESS,/projects/bentosprg6/linwx/research_project/results/task5/batch/task5_0322/boltz_results_task5_0322/predictions/task5_0322/affinity_task5_0322.json
task5_0042,UTEXAS_10000200_R220,UTEXAS_10000200,4N,RNA,"Keratinocyte growth factor (hKGF), Human",protein,0.7,0.13684257864952087,0.21950043737888336,0.417974054813385,0.0037876861169934273,-0.14428889751434326,0.435213178396225,SUCCESS,/projects/bentosprg6/linwx/research_project/results/task5/batch/task5_0042/boltz_results_task5_0042/predictions/task5_0042/affinity_task5_0042.json
task5_0241,UTEXAS_10000903_R943,UTEXAS_10000903,R3,RNA,Prostate-specific antigen (PSA),protein,8.7,0.13901281356811523,0.2259177416563034,1.2231054306030273,7.951708624887033e-08,-0.9450798034667969,0.45183539390563965,SUCCESS,/projects/bentosprg6/linwx/research_project/results/task5/batch/task5_0241/boltz_results_task5_0241/predictions/task5_0241/affinity_task5_0241.json
task5_0273,UTEXAS_10001061_R1104,UTEXAS_10001061,DNA02,DNA,Palladium ion,ligand,,0.14366421103477478,0.13286325335502625,1.2711294889450073,5.104677143208391e-07,-0.9838010668754578,0.2657260000705719,SUCCESS,/projects/bentosprg6/linwx/research_project/results/task5/batch/task5_0273/boltz_results_task5_0273/predictions/task5_0273/affinity_task5_0273.json
task5_0271,UTEXAS_10001057_R1100,UTEXAS_10001057,Q8,DNA,Fluoroquinolones,protein,0.2,0.1440839171409607,0.30002719163894653,1.9839025735855103,1.012567363289918e-08,-1.6957347393035889,0.6000543832778931,SUCCESS,/projects/bentosprg6/linwx/research_project/results/task5/batch/task5_0271/boltz_results_task5_0271/predictions/task5_0271/affinity_task5_0271.json
task5_0013,UTEXAS_10000073_R78,UTEXAS_10000073,100,RNA,Vascular Endothelial Growth Factor (VEGF),protein,0.2,0.16279098391532898,0.3024234175682068,1.2956615686416626,6.8979575189587194e-06,-0.9700796008110046,0.6048399209976196,SUCCESS,/projects/bentosprg6/linwx/research_project/results/task5/batch/task5_0013/boltz_results_task5_0013/predictions/task5_0013/affinity_task5_0013.json
task5_0286,UTEXAS_10001133_R1176,UTEXAS_10001133,AFLA53,DNA,Aflatoxin B1 (AFB1),protein,48.29,0.17282962799072266,0.28847745060920715,1.5050979852676392,6.249614216358168e-06,-1.1594387292861938,0.5769486427307129,SUCCESS,/projects/bentosprg6/linwx/research_project/results/task5/batch/task5_0286/boltz_results_task5_0286/predictions/task5_0286/affinity_task5_0286.json
task5_0246,UTEXAS_10000914_R955,UTEXAS_10000914,AIR-3A,RNA,"Interleukin-6 receptor (IL-6R), Human",protein,23.1,0.18310078978538513,0.3150583803653717,1.351203441619873,0.0011659052688628435,-0.9850018620491028,0.628950834274292,SUCCESS,/projects/bentosprg6/linwx/research_project/results/task5/batch/task5_0246/boltz_results_task5_0246/predictions/task5_0246/affinity_task5_0246.json
task5_0055,UTEXAS_10000253_R274,UTEXAS_10000253,RNA-1,RNA,Subtilisin BPN,ligand,,0.19100314378738403,0.22999846935272217,0.7030315399169922,1.5908900863337294e-09,-0.3210252523422241,0.45999693870544434,SUCCESS,/projects/bentosprg6/linwx/research_project/results/task5/batch/task5_0055/boltz_results_task5_0055/predictions/task5_0055/affinity_task5_0055.json
task5_0225,UTEXAS_10000820_R856,UTEXAS_10000820,Aptamer 12,DNA,Chloramphenicol (Cam),ligand,,0.1937377154827118,0.15016910433769226,1.2857979536056519,1.1994918168056756e-05,-0.8983225226402283,0.30032622814178467,SUCCESS,/projects/bentosprg6/linwx/research_project/results/task5/batch/task5_0225/boltz_results_task5_0225/predictions/task5_0225/affinity_task5_0225.json
task5_0257,UTEXAS_10000959_R1000,UTEXAS_10000959,N17,DNA,N-glycolylneuraminic acid (Neu5Gc),ligand,4.58,0.20658153295516968,0.101256363093853,1.3222779035568237,0.0005480076069943607,-0.9091148376464844,0.20196472108364105,SUCCESS,/projects/bentosprg6/linwx/research_project/results/task5/batch/task5_0257/boltz_results_task5_0257/predictions/task5_0257/affinity_task5_0257.json
task5_0255,UTEXAS_10000957_R998,UTEXAS_10000957,N8,DNA,N-glycolylneuraminic acid (Neu5Gc),ligand,6.68,0.20833319425582886,0.08968349546194077,1.354671597480774,1.7520760593470186e-05,-0.9380052089691162,0.17934946715831757,SUCCESS,/projects/bentosprg6/linwx/research_project/results/task5/batch/task5_0255/boltz_results_task5_0255/predictions/task5_0255/affinity_task5_0255.json
task5_0097,UTEXAS_10000425_R451,UTEXAS_10000425,#26,DNA,"Pro‐urokinase (PLAU), Human",protein,,0.21756476163864136,0.2792454957962036,1.335985779762268,2.5253029889427125e-07,-0.9008562564849854,0.5584907531738281,SUCCESS,/projects/bentosprg6/linwx/research_project/results/task5/batch/task5_0097/boltz_results_task5_0097/predictions/task5_0097/affinity_task5_0097.json
task5_0213,UTEXAS_10000803_R839,UTEXAS_10000803,PSap#4-6,DNA,Prostate specific antigen (PSA),protein,,0.21784362196922302,0.30197933316230774,1.240944266319275,0.0001835672155721113,-0.8052570223808289,0.6037750840187073,SUCCESS,/projects/bentosprg6/linwx/research_project/results/task5/batch/task5_0213/boltz_results_task5_0213/predictions/task5_0213/affinity_task5_0213.json
task5_0233,UTEXAS_10000880_R919,UTEXAS_10000880,D3,DNA,Digoxin,ligand,,0.22178545594215393,0.12476659566164017,1.3676728010177612,7.80394930188777e-06,-0.9241018891334534,0.24952538311481476,SUCCESS,/projects/bentosprg6/linwx/research_project/results/task5/batch/task5_0233/boltz_results_task5_0233/predictions/task5_0233/affinity_task5_0233.json
task5_0309,UTEXAS_10001250_R1294,UTEXAS_10001250,R12.45,DNA,Atrazine,ligand,,0.23025760054588318,0.09827931970357895,1.1308667659759521,0.00014768558321520686,-0.6703515648841858,0.19641095399856567,SUCCESS,/projects/bentosprg6/linwx/research_project/results/task5/batch/task5_0309/boltz_results_task5_0309/predictions/task5_0309/affinity_task5_0309.json
task5_0096,UTEXAS_10000424_R450,UTEXAS_10000424,#25,DNA,"Pro‐urokinase (PLAU), Human",protein,,0.23188385367393494,0.19856376945972443,1.1744825839996338,0.0013755339896306396,-0.7107148766517639,0.3957520127296448,SUCCESS,/projects/bentosprg6/linwx/research_project/results/task5/batch/task5_0096/boltz_results_task5_0096/predictions/task5_0096/affinity_task5_0096.json
task5_0223,UTEXAS_10000818_R854,UTEXAS_10000818,Aptamer 7,DNA,Chloramphenicol (Cam),ligand,766,0.24513685703277588,0.08744040876626968,1.6461230516433716,9.547394256514963e-06,-1.1558493375778198,0.1748712658882141,SUCCESS,/projects/bentosprg6/linwx/research_project/results/task5/batch/task5_0223/boltz_results_task5_0223/predictions/task5_0223/affinity_task5_0223.json
task5_0324,UTEXAS_10001312_R1356,UTEXAS_10001312,Az9,DNA,Azlocillin,ligand,55,0.2511269152164459,0.1422881782054901,1.0918292999267578,0.034122467041015625,-0.589575469493866,0.2504538893699646,SUCCESS,/projects/bentosprg6/linwx/research_project/results/task5/batch/task5_0324/boltz_results_task5_0324/predictions/task5_0324/affinity_task5_0324.json
task5_0267,UTEXAS_10001010_R1053,UTEXAS_10001010,A08,DNA,Ochratoxin A (OTA),ligand,290,0.2537878453731537,0.09531905502080917,1.1438288688659668,0.0002012431068578735,-0.6362531781196594,0.19043686985969543,SUCCESS,/projects/bentosprg6/linwx/research_project/results/task5/batch/task5_0267/boltz_results_task5_0267/predictions/task5_0267/affinity_task5_0267.json
task5_0073,UTEXAS_10000323_R345,UTEXAS_10000323,ADR58,RNA,"Oncostatin M (OSM), Human",protein,7,0.2706054747104645,0.22729599475860596,0.5244503021240234,0.004676587879657745,0.016760652884840965,0.44991540908813477,SUCCESS,/projects/bentosprg6/linwx/research_project/results/task5/batch/task5_0073/boltz_results_task5_0073/predictions/task5_0073/affinity_task5_0073.json
task5_0037,UTEXAS_10000194_R214,UTEXAS_10000194,13F,RNA,"Keratinocyte growth factor (hKGF), Human",protein,0.03,0.2778898775577545,0.21078237891197205,1.0986689329147339,1.0478914191480726e-05,-0.5428891777992249,0.4215542674064636,SUCCESS,/projects/bentosprg6/linwx/research_project/results/task5/batch/task5_0037/boltz_results_task5_0037/predictions/task5_0037/affinity_task5_0037.json
task5_0071,UTEXAS_10000311_R333,UTEXAS_10000311,06.50 aptamer,DNA,"Basic fibroblast growth factor (bFGF(155)), Human",protein,0.56,0.28004616498947144,0.28638744354248047,1.1901675462722778,6.69607034069486e-05,-0.630075216293335,0.5727079510688782,SUCCESS,/projects/bentosprg6/linwx/research_project/results/task5/batch/task5_0071/boltz_results_task5_0071/predictions/task5_0071/affinity_task5_0071.json
task5_0290,UTEXAS_10001143_R1186,UTEXAS_10001143,ER_Apt3,DNA,Estrogen receptor alpha (ERα),protein,,0.2869853377342224,0.28908348083496094,1.6245499849319458,1.9243852875661105e-06,-1.050579309463501,0.5781650543212891,SUCCESS,/projects/bentosprg6/linwx/research_project/results/task5/batch/task5_0290/boltz_results_task5_0290/predictions/task5_0290/affinity_task5_0290.json
task5_0128,UTEXAS_10000477_R503,UTEXAS_10000477,12,RNA,"Tumor necrosis factor alpha (hTNFα), Human",protein,,0.2907213866710663,0.2847650349140167,1.5025016069412231,0.0012091260869055986,-0.9210588335990906,0.5683209300041199,SUCCESS,/projects/bentosprg6/linwx/research_project/results/task5/batch/task5_0128/boltz_results_task5_0128/predictions/task5_0128/affinity_task5_0128.json
task5_0261,UTEXAS_10000981_R1024,UTEXAS_10000981,AptER-1,RNA,Estrogen receptor alpha (ERα),protein,16,0.29126444458961487,0.22750414907932281,0.754143238067627,0.015456417575478554,-0.17161433398723602,0.4395518898963928,SUCCESS,/projects/bentosprg6/linwx/research_project/results/task5/batch/task5_0261/boltz_results_task5_0261/predictions/task5_0261/affinity_task5_0261.json
task5_0100,UTEXAS_10000428_R454,UTEXAS_10000428,#31,DNA,"Pro‐urokinase (PLAU), Human",protein,,0.3148314356803894,0.25331902503967285,1.7281962633132935,4.437174357008189e-05,-1.0985333919525146,0.5065937042236328,SUCCESS,/projects/bentosprg6/linwx/research_project/results/task5/batch/task5_0100/boltz_results_task5_0100/predictions/task5_0100/affinity_task5_0100.json
task5_0189,UTEXAS_10000697_R729,UTEXAS_10000697,85A,DNA,Fibrinogen,protein,102,0.3444759249687195,0.30382978916168213,1.8967314958572388,1.975233487883088e-08,-1.2077796459197998,0.6076595783233643,SUCCESS,/projects/bentosprg6/linwx/research_project/results/task5/batch/task5_0189/boltz_results_task5_0189/predictions/task5_0189/affinity_task5_0189.json
task5_0044,UTEXAS_10000202_R222,UTEXAS_10000202,29N,RNA,"Keratinocyte growth factor (hKGF), Human",protein,0.43,0.3512515425682068,0.25182241201400757,1.7081190347671509,3.0975188565207645e-06,-1.0056159496307373,0.5036417245864868,SUCCESS,/projects/bentosprg6/linwx/research_project/results/task5/batch/task5_0044/boltz_results_task5_0044/predictions/task5_0044/affinity_task5_0044.json
task5_0280,UTEXAS_10001090_R1133,UTEXAS_10001090,A1,DNA,Beta-Site amyloid precursor protein cleaving enzyme 1 (BACE1),protein,68.5655,0.35432538390159607,0.27380189299583435,1.5887147188186646,3.5016673791687936e-05,-0.8800639510154724,0.5475687980651855,SUCCESS,/projects/bentosprg6/linwx/research_project/results/task5/batch/task5_0280/boltz_results_task5_0280/predictions/task5_0280/affinity_task5_0280.json
task5_0175,UTEXAS_10000654_R686,UTEXAS_10000654,1.12,DNA,Ochratoxin A (OTA),ligand,0.36,0.3640415370464325,0.08003638684749603,1.4452048540115356,1.4156841643853113e-05,-0.7171217799186707,0.1600586175918579,SUCCESS,/projects/bentosprg6/linwx/research_project/results/task5/batch/task5_0175/boltz_results_task5_0175/predictions/task5_0175/affinity_task5_0175.json
task5_0103,UTEXAS_10000431_R457,UTEXAS_10000431,M3,RNA,"4,4′-methylenedianiline (MDA)",ligand,2000,0.3884740173816681,0.20658786594867706,0.7230424880981445,1.523212111997907e-09,0.05390556529164314,0.4131757318973541,SUCCESS,/projects/bentosprg6/linwx/research_project/results/task5/batch/task5_0103/boltz_results_task5_0103/predictions/task5_0103/affinity_task5_0103.json
task5_0319,UTEXAS_10001301_R1345,UTEXAS_10001301,Ylac6,DNA,Lactoferrin,protein,1.9,0.3971596956253052,0.176644429564476,1.0315810441970825,0.00676777632907033,-0.23726165294647217,0.3465210795402527,SUCCESS,/projects/bentosprg6/linwx/research_project/results/task5/batch/task5_0319/boltz_results_task5_0319/predictions/task5_0319/affinity_task5_0319.json
task5_0178,UTEXAS_10000659_R691,UTEXAS_10000659,No. 20,DNA,Oxytetracycline (OTC),ligand,56.84,0.40832164883613586,0.07578805834054947,1.7263180017471313,1.2039403145536198e-06,-0.9096747040748596,0.15157490968704224,SUCCESS,/projects/bentosprg6/linwx/research_project/results/task5/batch/task5_0178/boltz_results_task5_0178/predictions/task5_0178/affinity_task5_0178.json
task5_0220,UTEXAS_10000812_R848,UTEXAS_10000812,IBA 12,DNA,(R)-ibuprofen,ligand,3200,0.42103007435798645,0.10085564851760864,1.815882682800293,3.344814103911631e-06,-0.9738225340843201,0.20170795917510986,SUCCESS,/projects/bentosprg6/linwx/research_project/results/task5/batch/task5_0220/boltz_results_task5_0220/predictions/task5_0220/affinity_task5_0220.json
task5_0089,UTEXAS_10000393_R415,UTEXAS_10000393,T705,RNA,"Thrombin, Bovine",protein,164,0.42282405495643616,0.26275378465652466,1.3800147771835327,0.009964537806808949,-0.5343666672706604,0.5155430436134338,SUCCESS,/projects/bentosprg6/linwx/research_project/results/task5/batch/task5_0089/boltz_results_task5_0089/predictions/task5_0089/affinity_task5_0089.json
task5_0193,UTEXAS_10000716_R748,UTEXAS_10000716,ACh 6R,DNA,Acetylcholine,ligand,,0.45147615671157837,0.0905330628156662,1.8318819999694824,7.948469828988891e-07,-0.9289296865463257,0.18106533586978912,SUCCESS,/projects/bentosprg6/linwx/research_project/results/task5/batch/task5_0193/boltz_results_task5_0193/predictions/task5_0193/affinity_task5_0193.json
task5_0154,UTEXAS_10000578_R607,UTEXAS_10000578,II-31,DNA,Streptavidin,protein,56.7,0.45200493931770325,0.29467329382896423,1.621235966682434,0.00016696770035196096,-0.7172260880470276,0.5891796350479126,SUCCESS,/projects/bentosprg6/linwx/research_project/results/task5/batch/task5_0154/boltz_results_task5_0154/predictions/task5_0154/affinity_task5_0154.json
task5_0237,UTEXAS_10000884_R923,UTEXAS_10000884,AMP17,DNA,Ampicillin,ligand,13.4,0.45625099539756775,0.12427249550819397,1.6705299615859985,1.6233771020779386e-06,-0.758027970790863,0.2485433667898178,SUCCESS,/projects/bentosprg6/linwx/research_project/results/task5/batch/task5_0237/boltz_results_task5_0237/predictions/task5_0237/affinity_task5_0237.json
task5_0072,UTEXAS_10000312_R334,UTEXAS_10000312,06.15 aptamer,DNA,"Basic fibroblast growth factor (bFGF(155)), Human",protein,0.016,0.45848849415779114,0.31856396794319153,1.504636526107788,0.00013986487465444952,-0.5876595377922058,0.6369880437850952,SUCCESS,/projects/bentosprg6/linwx/research_project/results/task5/batch/task5_0072/boltz_results_task5_0072/predictions/task5_0072/affinity_task5_0072.json
task5_0248,UTEXAS_10000924_R965,UTEXAS_10000924,A1,DNA,Ara h 1 (peanut allergen),protein,419,0.4760648012161255,0.3368496894836426,2.070039749145508,0.00014076277147978544,-1.1179101467132568,0.6735585927963257,SUCCESS,/projects/bentosprg6/linwx/research_project/results/task5/batch/task5_0248/boltz_results_task5_0248/predictions/task5_0248/affinity_task5_0248.json
task5_0232,UTEXAS_10000879_R918,UTEXAS_10000879,D2,DNA,Digoxin,ligand,,0.4908713102340698,0.1309460550546646,2.005876064300537,4.062849984620698e-05,-1.0241334438323975,0.2618514895439148,SUCCESS,/projects/bentosprg6/linwx/research_project/results/task5/batch/task5_0232/boltz_results_task5_0232/predictions/task5_0232/affinity_task5_0232.json
task5_0168,UTEXAS_10000592_R624,UTEXAS_10000592,Aptamer 45,RNA,DNA polymerase kappa (polκ),protein,750,0.5003838539123535,0.19423922896385193,1.8058995008468628,0.00022533036826644093,-0.805131733417511,0.3882531225681305,SUCCESS,/projects/bentosprg6/linwx/research_project/results/task5/batch/task5_0168/boltz_results_task5_0168/predictions/task5_0168/affinity_task5_0168.json
task5_0327,UTEXAS_10001331_R1375,UTEXAS_10001331,Apt122,DNA,Tacrolimus (TAC),ligand,56.45,0.5045835971832275,0.08990953862667084,1.885128378868103,3.712900024765986e-06,-0.8759612441062927,0.1798153668642044,SUCCESS,/projects/bentosprg6/linwx/research_project/results/task5/batch/task5_0327/boltz_results_task5_0327/predictions/task5_0327/affinity_task5_0327.json
task5_0231,UTEXAS_10000878_R917,UTEXAS_10000878,D1,DNA,Digoxin,ligand,0.05,0.5119950771331787,0.13483919203281403,1.9789031744003296,1.1302263374091126e-05,-0.9549130797386169,0.2696670889854431,SUCCESS,/projects/bentosprg6/linwx/research_project/results/task5/batch/task5_0231/boltz_results_task5_0231/predictions/task5_0231/affinity_task5_0231.json
task5_0156,UTEXAS_10000580_R609,UTEXAS_10000580,IV-33,DNA,Streptavidin,protein,59,0.5156474709510803,0.19841551780700684,2.102031707763672,1.1001446182490326e-05,-1.0707367658615112,0.3968200385570526,SUCCESS,/projects/bentosprg6/linwx/research_project/results/task5/batch/task5_0156/boltz_results_task5_0156/predictions/task5_0156/affinity_task5_0156.json
task5_0328,UTEXAS_10001331_R1376,UTEXAS_10001331,Apt125,DNA,Tacrolimus (TAC),ligand,180,0.5228760838508606,0.0892757922410965,1.927052617073059,2.353900299567613e-06,-0.8813004493713379,0.17854923009872437,SUCCESS,/projects/bentosprg6/linwx/research_project/results/task5/batch/task5_0328/boltz_results_task5_0328/predictions/task5_0328/affinity_task5_0328.json
task5_0043,UTEXAS_10000201_R221,UTEXAS_10000201,1N,RNA,"Keratinocyte growth factor (hKGF), Human",protein,0.5,0.5367729067802429,0.23558764159679413,1.899485468864441,2.66989559349895e-06,-0.8259396553039551,0.47117260098457336,SUCCESS,/projects/bentosprg6/linwx/research_project/results/task5/batch/task5_0043/boltz_results_task5_0043/predictions/task5_0043/affinity_task5_0043.json
task5_0092,UTEXAS_10000420_R446,UTEXAS_10000420,#15,DNA,"Pro‐urokinase (PLAU), Human",protein,,0.5426157116889954,0.2946087419986725,2.2314887046813965,9.884464589049458e-07,-1.1462572813034058,0.5892164707183838,SUCCESS,/projects/bentosprg6/linwx/research_project/results/task5/batch/task5_0092/boltz_results_task5_0092/predictions/task5_0092/affinity_task5_0092.json
task5_0259,UTEXAS_10000961_R1002,UTEXAS_10000961,N20,DNA,N-glycolylneuraminic acid (Neu5Gc),ligand,73.3,0.5532448887825012,0.14301016926765442,2.248931884765625,5.686966687790118e-05,-1.1424421072006226,0.2859634757041931,SUCCESS,/projects/bentosprg6/linwx/research_project/results/task5/batch/task5_0259/boltz_results_task5_0259/predictions/task5_0259/affinity_task5_0259.json
task5_0276,UTEXAS_10001064_R1107,UTEXAS_10001064,AP244,DNA,Alpha-fetoprotein (AFP),protein,4800,0.562961757183075,0.1851079910993576,2.2737913131713867,2.1600717658998292e-08,-1.1478677988052368,0.3702159523963928,SUCCESS,/projects/bentosprg6/linwx/research_project/results/task5/batch/task5_0276/boltz_results_task5_0276/predictions/task5_0276/affinity_task5_0276.json
task5_0310,UTEXAS_10001265_R1309,UTEXAS_10001265,NA36,DNA,Neutrophil gelatinase-associated lipocalin (NGAL),protein,43.59,0.5658215880393982,0.3130958080291748,2.42047119140625,0.0002588591887615621,-1.2888280153274536,0.6259327530860901,SUCCESS,/projects/bentosprg6/linwx/research_project/results/task5/batch/task5_0310/boltz_results_task5_0310/predictions/task5_0310/affinity_task5_0310.json
task5_0134,UTEXAS_10000483_R509,UTEXAS_10000483,4,RNA,"Tumor necrosis factor alpha (hTNFα), Human",protein,,0.5853274464607239,0.28594911098480225,1.701655626296997,0.001809635548852384,-0.5310007333755493,0.5700885653495789,SUCCESS,/projects/bentosprg6/linwx/research_project/results/task5/batch/task5_0134/boltz_results_task5_0134/predictions/task5_0134/affinity_task5_0134.json
task5_0321,UTEXAS_10001303_R1347,UTEXAS_10001303,Ylac9,DNA,Lactoferrin,protein,2.6,0.5863029360771179,0.24573861062526703,1.7051466703414917,0.00010968718561343849,-0.5325407981872559,0.49136754870414734,SUCCESS,/projects/bentosprg6/linwx/research_project/results/task5/batch/task5_0321/boltz_results_task5_0321/predictions/task5_0321/affinity_task5_0321.json
task5_0201,UTEXAS_10000767_R801,UTEXAS_10000767,D3,DNA,Diclofenac (DCF),ligand,42.7,0.6099565625190735,0.13162800669670105,2.156095504760742,1.8419301568428637e-06,-0.9361823797225952,0.26325416564941406,SUCCESS,/projects/bentosprg6/linwx/research_project/results/task5/batch/task5_0201/boltz_results_task5_0201/predictions/task5_0201/affinity_task5_0201.json
task5_0194,UTEXAS_10000751_R783,UTEXAS_10000751,BC15,DNA,Heterogeneous nuclear ribonucleoprotein A1 (hnRNP A1),protein,111,0.6234994530677795,0.2716468870639801,2.2481184005737305,0.0011620267760008574,-1.0011194944381714,0.5421317219734192,SUCCESS,/projects/bentosprg6/linwx/research_project/results/task5/batch/task5_0194/boltz_results_task5_0194/predictions/task5_0194/affinity_task5_0194.json
task5_0214,UTEXAS_10000804_R840,UTEXAS_10000804,PSap#4-9,DNA,Prostate specific antigen (PSA),protein,,0.647433876991272,0.2928256094455719,2.1134185791015625,2.90755633614026e-06,-0.8185508847236633,0.5856482982635498,SUCCESS,/projects/bentosprg6/linwx/research_project/results/task5/batch/task5_0214/boltz_results_task5_0214/predictions/task5_0214/affinity_task5_0214.json
task5_0005,UTEXAS_10000009_R11,UTEXAS_10000009,7A,RNA,Basic fibroblast growth factor (bFGF),protein,5,0.6609866619110107,0.26469025015830994,2.0605406761169434,0.004464353434741497,-0.7385674118995667,0.5249161720275879,SUCCESS,/projects/bentosprg6/linwx/research_project/results/task5/batch/task5_0005/boltz_results_task5_0005/predictions/task5_0005/affinity_task5_0005.json
task5_0041,UTEXAS_10000199_R219,UTEXAS_10000199,14N,RNA,"Keratinocyte growth factor (hKGF), Human",protein,0.4,0.6723686456680298,0.24566952884197235,2.0947227478027344,1.0248753824271262e-05,-0.74998539686203,0.49132880568504333,SUCCESS,/projects/bentosprg6/linwx/research_project/results/task5/batch/task5_0041/boltz_results_task5_0041/predictions/task5_0041/affinity_task5_0041.json
task5_0317,UTEXAS_10001299_R1343,UTEXAS_10001299,Ylac4,DNA,Lactoferrin,protein,4,0.6767864227294922,0.15302233397960663,1.633786916732788,0.00016135582700371742,-0.28021401166915894,0.3058833181858063,SUCCESS,/projects/bentosprg6/linwx/research_project/results/task5/batch/task5_0317/boltz_results_task5_0317/predictions/task5_0317/affinity_task5_0317.json
task5_0205,UTEXAS_10000784_R818,UTEXAS_10000784,C13,RNA,Protein tyrosine phosphatase 1B (PTP1B),protein,,0.6796261668205261,0.2534860372543335,1.7450928688049316,0.001843920792452991,-0.3858405351638794,0.5051281452178955,SUCCESS,/projects/bentosprg6/linwx/research_project/results/task5/batch/task5_0205/boltz_results_task5_0205/predictions/task5_0205/affinity_task5_0205.json
task5_0162,UTEXAS_10000589_R618,UTEXAS_10000589,Aptamer 32,RNA,DNA polymerase beta (polβ),protein,290,0.693779706954956,0.16169533133506775,2.222573757171631,3.4138922728743637e-06,-0.8350143432617188,0.3233872354030609,SUCCESS,/projects/bentosprg6/linwx/research_project/results/task5/batch/task5_0162/boltz_results_task5_0162/predictions/task5_0162/affinity_task5_0162.json
task5_0291,UTEXAS_10001144_R1187,UTEXAS_10001144,ER_Apt4,DNA,Estrogen receptor alpha (ERα),protein,,0.6945514678955078,0.33150458335876465,2.6920456886291504,3.0291230359580368e-06,-1.3029427528381348,0.6630061268806458,SUCCESS,/projects/bentosprg6/linwx/research_project/results/task5/batch/task5_0291/boltz_results_task5_0291/predictions/task5_0291/affinity_task5_0291.json
task5_0219,UTEXAS_10000811_R847,UTEXAS_10000811,IBA 8,DNA,(R)-ibuprofen,ligand,5200,0.7110493183135986,0.09669080376625061,2.456449031829834,6.960013365642226e-08,-1.0343503952026367,0.19338153302669525,SUCCESS,/projects/bentosprg6/linwx/research_project/results/task5/batch/task5_0219/boltz_results_task5_0219/predictions/task5_0219/affinity_task5_0219.json
task5_0200,UTEXAS_10000766_R800,UTEXAS_10000766,D16,DNA,Diclofenac (DCF),ligand,148.73,0.724682092666626,0.10319796204566956,1.98029625415802,2.957746119136573e-06,-0.5309321284294128,0.20639297366142273,SUCCESS,/projects/bentosprg6/linwx/research_project/results/task5/batch/task5_0200/boltz_results_task5_0200/predictions/task5_0200/affinity_task5_0200.json
task5_0036,UTEXAS_10000193_R213,UTEXAS_10000193,37F,RNA,"Keratinocyte growth factor (hKGF), Human",protein,0.47,0.7261894941329956,0.2525434195995331,2.0230612754821777,1.8584418285172433e-05,-0.5706822276115417,0.5050682425498962,SUCCESS,/projects/bentosprg6/linwx/research_project/results/task5/batch/task5_0036/boltz_results_task5_0036/predictions/task5_0036/affinity_task5_0036.json
task5_0243,UTEXAS_10000908_R948,UTEXAS_10000908,"2′,4′-BNA/LNA (A#17)",DNA,"Thrombin, Human",protein,23,0.7325229644775391,0.23123861849308014,1.9142401218414307,1.634534328331938e-06,-0.4491942226886749,0.46247559785842896,SUCCESS,/projects/bentosprg6/linwx/research_project/results/task5/batch/task5_0243/boltz_results_task5_0243/predictions/task5_0243/affinity_task5_0243.json
task5_0244,UTEXAS_10000909_R949,UTEXAS_10000909,"2′,4′-BNA/LNA (A#18)",DNA,"Thrombin, Human",protein,27,0.738563060760498,0.2924899756908417,2.342257022857666,7.583738010907837e-07,-0.8651309609413147,0.5849791765213013,SUCCESS,/projects/bentosprg6/linwx/research_project/results/task5/batch/task5_0244/boltz_results_task5_0244/predictions/task5_0244/affinity_task5_0244.json
task5_0222,UTEXAS_10000814_R850,UTEXAS_10000814,IBA 17,DNA,(S)-ibuprofen,ligand,3800,0.7397425174713135,0.14719893038272858,2.344041347503662,1.032842760650965e-06,-0.8645563721656799,0.2943968176841736,SUCCESS,/projects/bentosprg6/linwx/research_project/results/task5/batch/task5_0222/boltz_results_task5_0222/predictions/task5_0222/affinity_task5_0222.json
task5_0281,UTEXAS_10001091_R1134,UTEXAS_10001091,A4,DNA,Beta-Site amyloid precursor protein cleaving enzyme 1 (BACE1),protein,15.3497,0.753180980682373,0.30586275458335876,2.4682793617248535,0.003544918028637767,-0.9619174003601074,0.608180582523346,SUCCESS,/projects/bentosprg6/linwx/research_project/results/task5/batch/task5_0281/boltz_results_task5_0281/predictions/task5_0281/affinity_task5_0281.json
task5_0099,UTEXAS_10000427_R453,UTEXAS_10000427,#28,DNA,"Pro‐urokinase (PLAU), Human",protein,,0.7892319560050964,0.2739192545413971,2.4864368438720703,6.181255116644024e-07,-0.9079729318618774,0.5478379130363464,SUCCESS,/projects/bentosprg6/linwx/research_project/results/task5/batch/task5_0099/boltz_results_task5_0099/predictions/task5_0099/affinity_task5_0099.json
task5_0210,UTEXAS_10000800_R836,UTEXAS_10000800,PSap4#5,DNA,Prostate specific antigen (PSA),protein,,0.7986116409301758,0.2923451066017151,2.374271869659424,0.00015803305723238736,-0.7770485281944275,0.5845322012901306,SUCCESS,/projects/bentosprg6/linwx/research_project/results/task5/batch/task5_0210/boltz_results_task5_0210/predictions/task5_0210/affinity_task5_0210.json
task5_0126,UTEXAS_10000475_R501,UTEXAS_10000475,3.1,RNA,"Tumor necrosis factor alpha (hTNFα), Human",protein,,0.8337389230728149,0.2586766183376312,2.557708263397217,4.965275729773566e-05,-0.8902303576469421,0.5173035860061646,SUCCESS,/projects/bentosprg6/linwx/research_project/results/task5/batch/task5_0126/boltz_results_task5_0126/predictions/task5_0126/affinity_task5_0126.json
task5_0323,UTEXAS_10001311_R1355,UTEXAS_10001311,EPCAM-APT-02,DNA,Epithelial cell adhesion molecule (EpCAM),protein,15,0.8353993892669678,0.1932733803987503,2.4628491401672363,1.4675883841519521e-09,-0.7920504212379456,0.3865467607975006,SUCCESS,/projects/bentosprg6/linwx/research_project/results/task5/batch/task5_0323/boltz_results_task5_0323/predictions/task5_0323/affinity_task5_0323.json
task5_0342,UTEXAS_10001434_R1488,UTEXAS_10001434,S1.3/S2.2,DNA,Mucin 1 (MUC1),protein,0.135,0.8516414165496826,0.25082361698150635,2.5708513259887695,9.953633707482368e-06,-0.8675685524940491,0.5016372799873352,SUCCESS,/projects/bentosprg6/linwx/research_project/results/task5/batch/task5_0342/boltz_results_task5_0342/predictions/task5_0342/affinity_task5_0342.json
task5_0307,UTEXAS_10001247_R1291,UTEXAS_10001247,Z100,DNA,Zearalenone (ZEN),ligand,15.2,0.8697114586830139,0.17948009073734283,3.044322967529297,4.5212664723237594e-09,-1.304900050163269,0.35896018147468567,SUCCESS,/projects/bentosprg6/linwx/research_project/results/task5/batch/task5_0307/boltz_results_task5_0307/predictions/task5_0307/affinity_task5_0307.json
task5_0022,UTEXAS_10000142_R157,UTEXAS_10000142,DNAA,DNA,Isoleucyl-tRNA synthetase (tRNAIle),protein,1500,0.87067711353302,0.1670280396938324,1.8498591184616089,0.0001016379683278501,-0.10850495100021362,0.33395445346832275,SUCCESS,/projects/bentosprg6/linwx/research_project/results/task5/batch/task5_0022/boltz_results_task5_0022/predictions/task5_0022/affinity_task5_0022.json
task5_0060,UTEXAS_10000291_R313,UTEXAS_10000291,rafl28,RNA,Adenosine triphosphate (ATP),ligand,,0.8773629069328308,0.15302887558937073,2.4917545318603516,2.253624153611411e-12,-0.7370287179946899,0.30605775117874146,SUCCESS,/projects/bentosprg6/linwx/research_project/results/task5/batch/task5_0060/boltz_results_task5_0060/predictions/task5_0060/affinity_task5_0060.json
task5_0206,UTEXAS_10000786_R820,UTEXAS_10000786,C9,RNA,Protein tyrosine phosphatase 1B (PTP1B),protein,,0.8774898052215576,0.3173087239265442,2.783094882965088,1.975921077246312e-05,-1.0281152725219727,0.634597659111023,SUCCESS,/projects/bentosprg6/linwx/research_project/results/task5/batch/task5_0206/boltz_results_task5_0206/predictions/task5_0206/affinity_task5_0206.json
task5_0039,UTEXAS_10000197_R217,UTEXAS_10000197,10F,RNA,"Keratinocyte growth factor (hKGF), Human",protein,0.47,0.8833190202713013,0.25045540928840637,2.584778308868408,1.1393202612453024e-06,-0.8181402087211609,0.500909686088562,SUCCESS,/projects/bentosprg6/linwx/research_project/results/task5/batch/task5_0039/boltz_results_task5_0039/predictions/task5_0039/affinity_task5_0039.json
task5_0040,UTEXAS_10000198_R218,UTEXAS_10000198,43F,RNA,"Keratinocyte growth factor (hKGF), Human",protein,1.13,0.9273055195808411,0.19686327874660492,2.275634765625,0.000507756310980767,-0.4210236966609955,0.3932188153266907,SUCCESS,/projects/bentosprg6/linwx/research_project/results/task5/batch/task5_0040/boltz_results_task5_0040/predictions/task5_0040/affinity_task5_0040.json
task5_0316,UTEXAS_10001298_R1342,UTEXAS_10001298,Ylac1,DNA,Lactoferrin,protein,2.2,0.9311208128929138,0.11940604448318481,2.103437900543213,0.0006755878566764295,-0.24119630455970764,0.23813650012016296,SUCCESS,/projects/bentosprg6/linwx/research_project/results/task5/batch/task5_0316/boltz_results_task5_0316/predictions/task5_0316/affinity_task5_0316.json
task5_0199,UTEXAS_10000765_R799,UTEXAS_10000765,D22,DNA,Diclofenac (DCF),ligand,166.34,0.9454970359802246,0.10896799713373184,2.628459930419922,1.111690949073818e-06,-0.7374659180641174,0.21793487668037415,SUCCESS,/projects/bentosprg6/linwx/research_project/results/task5/batch/task5_0199/boltz_results_task5_0199/predictions/task5_0199/affinity_task5_0199.json
task5_0204,UTEXAS_10000770_R804,UTEXAS_10000770,Aptamer 30,DNA,Streptavidin,protein,104.265,0.9723586440086365,0.28237178921699524,3.2932567596435547,3.4341589127961925e-08,-1.3485394716262817,0.5647435188293457,SUCCESS,/projects/bentosprg6/linwx/research_project/results/task5/batch/task5_0204/boltz_results_task5_0204/predictions/task5_0204/affinity_task5_0204.json
task5_0203,UTEXAS_10000769_R803,UTEXAS_10000769,Aptamer 29,DNA,Streptavidin,protein,94.228,0.9897914528846741,0.2986947000026703,3.4247283935546875,3.337005693992978e-08,-1.4451454877853394,0.5973893404006958,SUCCESS,/projects/bentosprg6/linwx/research_project/results/task5/batch/task5_0203/boltz_results_task5_0203/predictions/task5_0203/affinity_task5_0203.json
task5_0202,UTEXAS_10000768_R802,UTEXAS_10000768,"Aptamer 32, 34",DNA,Streptavidin,protein,69.277,1.0504292249679565,0.37527406215667725,3.6036906242370605,2.503051987901017e-08,-1.5028321743011475,0.7505481243133545,SUCCESS,/projects/bentosprg6/linwx/research_project/results/task5/batch/task5_0202/boltz_results_task5_0202/predictions/task5_0202/affinity_task5_0202.json
task5_0260,UTEXAS_10000964_R1007,UTEXAS_10000964,C2,DNA,CD30,protein,,1.0608618259429932,0.27765581011772156,2.8309884071350098,7.156642709560401e-07,-0.7092648148536682,0.5553109049797058,SUCCESS,/projects/bentosprg6/linwx/research_project/results/task5/batch/task5_0260/boltz_results_task5_0260/predictions/task5_0260/affinity_task5_0260.json
task5_0337,UTEXAS_10001393_R1442,UTEXAS_10001393,Apt.6,DNA,"Angiotensin converting enzyme 2 (hACE2), Human",protein,,1.1030964851379395,0.25737687945365906,3.2999515533447266,2.1627620583331009e-07,-1.093758463859558,0.514753520488739,SUCCESS,/projects/bentosprg6/linwx/research_project/results/task5/batch/task5_0337/boltz_results_task5_0337/predictions/task5_0337/affinity_task5_0337.json
task5_0221,UTEXAS_10000813_R849,UTEXAS_10000813,IBA 4,DNA,(S)-ibuprofen,ligand,1500,1.1243350505828857,0.10915371775627136,3.2779836654663086,1.182546727207523e-09,-1.029313564300537,0.21830743551254272,SUCCESS,/projects/bentosprg6/linwx/research_project/results/task5/batch/task5_0221/boltz_results_task5_0221/predictions/task5_0221/affinity_task5_0221.json
task5_0300,UTEXAS_10001186_R1230,UTEXAS_10001186,C10K2,DNA,"Osteoponin (OPN), Human",protein,2.5,1.125248670578003,0.2872757315635681,3.3135342597961426,0.00023691247042734176,-1.0630369186401367,0.574314534664154,SUCCESS,/projects/bentosprg6/linwx/research_project/results/task5/batch/task5_0300/boltz_results_task5_0300/predictions/task5_0300/affinity_task5_0300.json
task5_0127,UTEXAS_10000476_R502,UTEXAS_10000476,7.5,RNA,"Tumor necrosis factor alpha (hTNFα), Human",protein,,1.1700607538223267,0.21244728565216064,3.1559176445007324,6.514149390568491e-06,-0.8157961964607239,0.4248880445957184,SUCCESS,/projects/bentosprg6/linwx/research_project/results/task5/batch/task5_0127/boltz_results_task5_0127/predictions/task5_0127/affinity_task5_0127.json
task5_0215,UTEXAS_10000805_R841,UTEXAS_10000805,PSap#4-11,DNA,Prostate specific antigen (PSA),protein,,1.1859933137893677,0.28906357288360596,3.2855162620544434,2.2424785129260272e-05,-0.9135295748710632,0.5781047344207764,SUCCESS,/projects/bentosprg6/linwx/research_project/results/task5/batch/task5_0215/boltz_results_task5_0215/predictions/task5_0215/affinity_task5_0215.json
task5_0318,UTEXAS_10001300_R1344,UTEXAS_10001300,Ylac5,DNA,Lactoferrin,protein,4.7,1.1904090642929077,0.09000589698553085,2.476181983947754,0.0015226331306621432,-0.09536392986774445,0.17848916351795197,SUCCESS,/projects/bentosprg6/linwx/research_project/results/task5/batch/task5_0318/boltz_results_task5_0318/predictions/task5_0318/affinity_task5_0318.json
task5_0158,UTEXAS_10000582_R611,UTEXAS_10000582,F38,RNA,RNA-dependent RNA polymerase (3Dpol),protein,460,1.1980394124984741,0.18608444929122925,2.8191800117492676,4.79309783258941e-05,-0.4231010973453522,0.3721209764480591,SUCCESS,/projects/bentosprg6/linwx/research_project/results/task5/batch/task5_0158/boltz_results_task5_0158/predictions/task5_0158/affinity_task5_0158.json
task5_0198,UTEXAS_10000764_R798,UTEXAS_10000764,D10/DA24,DNA,Diclofenac (DCF),ligand,100.64,1.237412929534912,0.0919717326760292,3.2449207305908203,6.753645975798861e-10,-0.7700949311256409,0.1839434653520584,SUCCESS,/projects/bentosprg6/linwx/research_project/results/task5/batch/task5_0198/boltz_results_task5_0198/predictions/task5_0198/affinity_task5_0198.json
task5_0339,UTEXAS_10001410_R1459,UTEXAS_10001410,Aptamer 9.3,RNA,Coagulation Factor IXa (FIXa),protein,0.65,1.2944837808609009,0.23807530105113983,1.9815634489059448,0.0011417876230552793,0.6074040532112122,0.4750088155269623,SUCCESS,/projects/bentosprg6/linwx/research_project/results/task5/batch/task5_0339/boltz_results_task5_0339/predictions/task5_0339/affinity_task5_0339.json
task5_0265,UTEXAS_10000999_R1042,UTEXAS_10000999,Apt1,RNA,"Glygoprotein 2 (GP2), Mouse",protein,110,1.3240809440612793,0.17057549953460693,3.185183525085449,0.0008261682232841849,-0.5370216965675354,0.3403248190879822,SUCCESS,/projects/bentosprg6/linwx/research_project/results/task5/batch/task5_0265/boltz_results_task5_0265/predictions/task5_0265/affinity_task5_0265.json
task5_0159,UTEXAS_10000583_R612,UTEXAS_10000583,F47,RNA,RNA-dependent RNA polymerase (3Dpol),protein,375,1.4348037242889404,0.21747706830501556,3.571528911590576,1.408042749062588e-06,-0.7019215226173401,0.4349527359008789,SUCCESS,/projects/bentosprg6/linwx/research_project/results/task5/batch/task5_0159/boltz_results_task5_0159/predictions/task5_0159/affinity_task5_0159.json
task5_0125,UTEXAS_10000474_R500,UTEXAS_10000474,apt3,RNA,"Receptor activator of NF-kappaB (RANK), Human",protein,5800,1.4738637208938599,0.24335886538028717,3.154855251312256,0.0033073429949581623,-0.20712772011756897,0.48341038823127747,SUCCESS,/projects/bentosprg6/linwx/research_project/results/task5/batch/task5_0125/boltz_results_task5_0125/predictions/task5_0125/affinity_task5_0125.json
task5_0320,UTEXAS_10001302_R1346,UTEXAS_10001302,Ylac8,DNA,Lactoferrin,protein,1,1.4817613363265991,0.11669308692216873,3.076260566711426,0.007801204454153776,-0.11273786425590515,0.2255849689245224,SUCCESS,/projects/bentosprg6/linwx/research_project/results/task5/batch/task5_0320/boltz_results_task5_0320/predictions/task5_0320/affinity_task5_0320.json
task5_0003,UTEXAS_10000005_R7,UTEXAS_10000005,6 mer (colloquially known as Bock DNA Aptamer),DNA,"Thrombin (Sigma), Human",protein,112.5,1.5137622356414795,0.04369644820690155,2.4790806770324707,0.0001897733163787052,0.5484438538551331,0.08720312267541885,SUCCESS,/projects/bentosprg6/linwx/research_project/results/task5/batch/task5_0003/boltz_results_task5_0003/predictions/task5_0003/affinity_task5_0003.json
task5_0305,UTEXAS_10001225_R1269,UTEXAS_10001225,OD35,DNA,"Odontogenic ameloblast-associated protein (ODAM), Human",protein,51.36,1.7668719291687012,0.2352444976568222,3.861936569213867,4.753142879287964e-10,-0.328192800283432,0.4704889953136444,SUCCESS,/projects/bentosprg6/linwx/research_project/results/task5/batch/task5_0305/boltz_results_task5_0305/predictions/task5_0305/affinity_task5_0305.json
task5_0315,UTEXAS_10001297_R1341,UTEXAS_10001297,PSA-1,DNA,Prostate-specific antigen (PSA),protein,177,1.8445616960525513,0.1313433051109314,3.8178539276123047,3.675386395229907e-08,-0.12873050570487976,0.2626865804195404,SUCCESS,/projects/bentosprg6/linwx/research_project/results/task5/batch/task5_0315/boltz_results_task5_0315/predictions/task5_0315/affinity_task5_0315.json
task5_0082,UTEXAS_10000368_R390,UTEXAS_10000368,E2F-E1,RNA,E2F transcription factor,protein,2,2.026287317276001,0.2373666614294052,4.65927791595459,1.2059309106859928e-08,-0.6067033410072327,0.4747333228588104,SUCCESS,/projects/bentosprg6/linwx/research_project/results/task5/batch/task5_0082/boltz_results_task5_0082/predictions/task5_0082/affinity_task5_0082.json
task5_0304,UTEXAS_10001224_R1268,UTEXAS_10001224,OD64,DNA,"Odontogenic ameloblast-associated protein (ODAM), Human",protein,47,2.309566020965576,0.23839028179645538,4.839237689971924,2.4683732835484307e-10,-0.2201058268547058,0.47678056359291077,SUCCESS,/projects/bentosprg6/linwx/research_project/results/task5/batch/task5_0304/boltz_results_task5_0304/predictions/task5_0304/affinity_task5_0304.json
task5_0053,UTEXAS_10000241_R262,UTEXAS_10000241,29A-OH,DNA,Nucleolin,protein,,2.5182981491088867,0.049230705946683884,5.149300575256348,0.0027266403194516897,-0.11270403861999512,0.09573477506637573,SUCCESS,/projects/bentosprg6/linwx/research_project/results/task5/batch/task5_0053/boltz_results_task5_0053/predictions/task5_0053/affinity_task5_0053.json
task5_0002,UTEXAS_10000004_R6,UTEXAS_10000004,15 mer (colloquially known as Bock DNA Aptamer),DNA,"Thrombin (Sigma), Human",protein,112.5,2.8431596755981445,0.12261407822370529,5.109675407409668,1.686505157749707e-07,0.5766441226005554,0.24522799253463745,SUCCESS,/projects/bentosprg6/linwx/research_project/results/task5/batch/task5_0002/boltz_results_task5_0002/predictions/task5_0002/affinity_task5_0002.json
task5_0161,UTEXAS_10000585_R614,UTEXAS_10000585,F47tr,RNA,RNA-dependent RNA polymerase (3Dpol),protein,325,3.2321085929870605,0.15681442618370056,5.693639755249023,5.361420640781489e-09,0.7705774903297424,0.3136288523674011,SUCCESS,/projects/bentosprg6/linwx/research_project/results/task5/batch/task5_0161/boltz_results_task5_0161/predictions/task5_0161/affinity_task5_0161.json
task5_0054,UTEXAS_10000242_R263,UTEXAS_10000242,GRO29A ,DNA,Nucleolin,protein,,3.4372799396514893,0.05372738093137741,6.895526885986328,9.359083196613938e-05,-0.02096705138683319,0.10736116766929626,SUCCESS,/projects/bentosprg6/linwx/research_project/results/task5/batch/task5_0054/boltz_results_task5_0054/predictions/task5_0054/affinity_task5_0054.json
task5_0049,UTEXAS_10000216_R237,UTEXAS_10000216,APC-167,RNA,"Activated protein C (APC), Human",protein,,,,,,,,MISSING,
task5_0050,UTEXAS_10000217_R238,UTEXAS_10000217,APC-99,RNA,"Activated protein C (APC), Human",protein,,,,,,,,MISSING,
task5_0313,UTEXAS_10001288_R1332,UTEXAS_10001288,APT 1,RNA,Mixed lineage leukemia protein 1 (MLL1),protein,,,,,,,,MISSING,
task5_0314,UTEXAS_10001289_R1333,UTEXAS_10001289,APT 2,RNA,Mixed lineage leukemia protein 1 (MLL1),protein,,,,,,,,MISSING,
task5_0330,UTEXAS_10001349_R1395,UTEXAS_10001349,T-2,DNA,Thyroglobulin (Tg),protein,3.18,,,,,,,MISSING,
