run_index,run_id,model_id,aptamer_id,serial_number,aptamer_name,nucleic_acid_type,aptamer_length,target_normalized,target_type,target_length,target_source_database,target_source_id,target_match,resolution_method,validation_reason,experimental_affinity_raw,experimental_kd_nm,doi,pubmed,yaml_path
1,task5_0001,UTEXAS_10000001_R3,UTEXAS_10000001,10000001,B4-25,RNA,133,Reactive Blue 4,ligand,,PubChem,25863,Reactive Blue 4,PUBCHEM_NAME,PUBCHEM_NAME_WITH_SMILES,Kd<100µM,100000,https://doi.org/10.1038/346818a0,https://pubmed.ncbi.nlm.nih.gov/1697402/,/projects/bentosprg6/linwx/research_project/data/task5/boltz_inputs/task5_0001.yaml
2,task5_0002,UTEXAS_10000004_R6,UTEXAS_10000004,10000004,15 mer (colloquially known as Bock DNA Aptamer),DNA,15,"Thrombin (Sigma), Human",protein,622,UniProt,P00734,Prothrombin (EC 3.4.21.5) (Coagulation factor II) [Cleaved into: Activation peptide fragment 1; Activation peptide fragment 2; Thrombin light chain; Thrombin heavy chain],UNIPROT_NAME_SCORE_2.000,STRONG_NAME_MATCH_1.000,Kd: 25-200 nM,112.5,https://doi.org/10.1038/355564a0,https://pubmed.ncbi.nlm.nih.gov/1741036/,/projects/bentosprg6/linwx/research_project/data/task5/boltz_inputs/task5_0002.yaml
3,task5_0003,UTEXAS_10000005_R7,UTEXAS_10000005,10000005,6 mer (colloquially known as Bock DNA Aptamer),DNA,6,"Thrombin (Sigma), Human",protein,622,UniProt,P00734,Prothrombin (EC 3.4.21.5) (Coagulation factor II) [Cleaved into: Activation peptide fragment 1; Activation peptide fragment 2; Thrombin light chain; Thrombin heavy chain],UNIPROT_NAME_SCORE_2.000,STRONG_NAME_MATCH_1.000,Kd: 25-200 nM,112.5,https://doi.org/10.1038/355564a0,https://pubmed.ncbi.nlm.nih.gov/1741036/,/projects/bentosprg6/linwx/research_project/data/task5/boltz_inputs/task5_0003.yaml
4,task5_0004,UTEXAS_10000008_R10,UTEXAS_10000008,10000008,5A,RNA,77,Basic fibroblast growth factor (bFGF),protein,288,UniProt,P09038,Fibroblast growth factor 2 (FGF-2) (Basic fibroblast growth factor) (bFGF) (Heparin-binding growth factor 2) (HBGF-2),UNIPROT_NAME_SCORE_2.000,STRONG_NAME_MATCH_1.000,Kd: 23 ± 3 nM,23,https://doi.org/10.1073/pnas.90.23.11227,https://pubmed.ncbi.nlm.nih.gov/7504300/,/projects/bentosprg6/linwx/research_project/data/task5/boltz_inputs/task5_0004.yaml
5,task5_0005,UTEXAS_10000009_R11,UTEXAS_10000009,10000009,7A,RNA,77,Basic fibroblast growth factor (bFGF),protein,288,UniProt,P09038,Fibroblast growth factor 2 (FGF-2) (Basic fibroblast growth factor) (bFGF) (Heparin-binding growth factor 2) (HBGF-2),UNIPROT_NAME_SCORE_2.000,STRONG_NAME_MATCH_1.000,Kd: 5.0 ± 0.5 nM,5,https://doi.org/10.1073/pnas.90.23.11227,https://pubmed.ncbi.nlm.nih.gov/7504300/,/projects/bentosprg6/linwx/research_project/data/task5/boltz_inputs/task5_0005.yaml
6,task5_0006,UTEXAS_10000010_R12,UTEXAS_10000010,10000010,13A,RNA,77,Basic fibroblast growth factor (bFGF),protein,288,UniProt,P09038,Fibroblast growth factor 2 (FGF-2) (Basic fibroblast growth factor) (bFGF) (Heparin-binding growth factor 2) (HBGF-2),UNIPROT_NAME_SCORE_2.000,STRONG_NAME_MATCH_1.000,Kd: 3.2 ± 0.5 nM,3.2,https://doi.org/10.1073/pnas.90.23.11227,https://pubmed.ncbi.nlm.nih.gov/7504300/,/projects/bentosprg6/linwx/research_project/data/task5/boltz_inputs/task5_0006.yaml
7,task5_0007,UTEXAS_10000011_R13,UTEXAS_10000011,10000011,14A,RNA,77,Basic fibroblast growth factor (bFGF),protein,288,UniProt,P09038,Fibroblast growth factor 2 (FGF-2) (Basic fibroblast growth factor) (bFGF) (Heparin-binding growth factor 2) (HBGF-2),UNIPROT_NAME_SCORE_2.000,STRONG_NAME_MATCH_1.000,Kd: 3.0 ± 0.5 nM,3,https://doi.org/10.1073/pnas.90.23.11227,https://pubmed.ncbi.nlm.nih.gov/7504300/,/projects/bentosprg6/linwx/research_project/data/task5/boltz_inputs/task5_0007.yaml
8,task5_0008,UTEXAS_10000012_R14,UTEXAS_10000012,10000012,21A,RNA,77,Basic fibroblast growth factor (bFGF),protein,288,UniProt,P09038,Fibroblast growth factor 2 (FGF-2) (Basic fibroblast growth factor) (bFGF) (Heparin-binding growth factor 2) (HBGF-2),UNIPROT_NAME_SCORE_2.000,STRONG_NAME_MATCH_1.000,Kd: 8.1 ± 0.8 nM,8.1,https://doi.org/10.1073/pnas.90.23.11227,https://pubmed.ncbi.nlm.nih.gov/7504300/,/projects/bentosprg6/linwx/research_project/data/task5/boltz_inputs/task5_0008.yaml
9,task5_0009,UTEXAS_10000013_R15,UTEXAS_10000013,10000013,12A,RNA,79,Basic fibroblast growth factor (bFGF),protein,288,UniProt,P09038,Fibroblast growth factor 2 (FGF-2) (Basic fibroblast growth factor) (bFGF) (Heparin-binding growth factor 2) (HBGF-2),UNIPROT_NAME_SCORE_2.000,STRONG_NAME_MATCH_1.000,"Kd: exhibits biphasic binding, 0.51 ± 0.13 nM, 60 ± 52 nM",0.51,https://doi.org/10.1073/pnas.90.23.11227,https://pubmed.ncbi.nlm.nih.gov/7504300/,/projects/bentosprg6/linwx/research_project/data/task5/boltz_inputs/task5_0009.yaml
10,task5_0010,UTEXAS_10000015_R17,UTEXAS_10000015,10000015,26A,RNA,79,Basic fibroblast growth factor (bFGF),protein,288,UniProt,P09038,Fibroblast growth factor 2 (FGF-2) (Basic fibroblast growth factor) (bFGF) (Heparin-binding growth factor 2) (HBGF-2),UNIPROT_NAME_SCORE_2.000,STRONG_NAME_MATCH_1.000,"Kd: exhibits biphasic binding, 0.19 ± 0.02 nM, 49 ± 26 nM",0.19,https://doi.org/10.1073/pnas.90.23.11227,https://pubmed.ncbi.nlm.nih.gov/7504300/,/projects/bentosprg6/linwx/research_project/data/task5/boltz_inputs/task5_0010.yaml
11,task5_0011,UTEXAS_10000016_R18,UTEXAS_10000016,10000016,22B,RNA,79,Basic fibroblast growth factor (bFGF),protein,288,UniProt,P09038,Fibroblast growth factor 2 (FGF-2) (Basic fibroblast growth factor) (bFGF) (Heparin-binding growth factor 2) (HBGF-2),UNIPROT_NAME_SCORE_2.000,STRONG_NAME_MATCH_1.000,"Kd: exhibits biphasic binding, 0.13 ± 0.03 nM, 510 ± 30 nM",0.13,https://doi.org/10.1073/pnas.90.23.11227,https://pubmed.ncbi.nlm.nih.gov/7504300/,/projects/bentosprg6/linwx/research_project/data/task5/boltz_inputs/task5_0011.yaml
12,task5_0012,UTEXAS_10000017_R19,UTEXAS_10000017,10000017,28B,RNA,79,Basic fibroblast growth factor (bFGF),protein,288,UniProt,P09038,Fibroblast growth factor 2 (FGF-2) (Basic fibroblast growth factor) (bFGF) (Heparin-binding growth factor 2) (HBGF-2),UNIPROT_NAME_SCORE_2.000,STRONG_NAME_MATCH_1.000,"Kd: exhibits biphasic binding, 0.32 ± 0.07 nM, 140 ± 80 nM",0.32,https://doi.org/10.1073/pnas.90.23.11227,https://pubmed.ncbi.nlm.nih.gov/7504300/,/projects/bentosprg6/linwx/research_project/data/task5/boltz_inputs/task5_0012.yaml
13,task5_0013,UTEXAS_10000073_R78,UTEXAS_10000073,10000073,100,RNA,76,Vascular Endothelial Growth Factor (VEGF),protein,419,UniProt,P49767,Vascular endothelial growth factor C (VEGF-C) (Flt4 ligand) (Flt4-L) (Vascular endothelial growth factor-related protein) (VRP),UNIPROT_NAME_SCORE_2.000,STRONG_NAME_MATCH_1.000,"Kd1: 0.20 ± 0.02 nM
Kd2: 42 ± 30 nM
",0.2,https://doi.org/10.1021/bi00200a028,https://pubmed.ncbi.nlm.nih.gov/7520755/,/projects/bentosprg6/linwx/research_project/data/task5/boltz_inputs/task5_0013.yaml
14,task5_0014,UTEXAS_10000080_R85,UTEXAS_10000080,10000080,44,RNA,80,Vascular Endothelial Growth Factor (VEGF),protein,419,UniProt,P49767,Vascular endothelial growth factor C (VEGF-C) (Flt4 ligand) (Flt4-L) (Vascular endothelial growth factor-related protein) (VRP),UNIPROT_NAME_SCORE_2.000,STRONG_NAME_MATCH_1.000,"Kd1: 1.7 ±0.5 nM
Kd2: 38 ±32 nM",1.7,https://doi.org/10.1021/bi00200a028,https://pubmed.ncbi.nlm.nih.gov/7520755/,/projects/bentosprg6/linwx/research_project/data/task5/boltz_inputs/task5_0014.yaml
15,task5_0015,UTEXAS_10000081_R86,UTEXAS_10000081,10000081,12,RNA,77,Vascular Endothelial Growth Factor (VEGF),protein,419,UniProt,P49767,Vascular endothelial growth factor C (VEGF-C) (Flt4 ligand) (Flt4-L) (Vascular endothelial growth factor-related protein) (VRP),UNIPROT_NAME_SCORE_2.000,STRONG_NAME_MATCH_1.000,"Kd1: 0.48 ± 0.07 nM
Kd2: 21 ±5 nM",0.48,https://doi.org/10.1021/bi00200a028,https://pubmed.ncbi.nlm.nih.gov/7520755/,/projects/bentosprg6/linwx/research_project/data/task5/boltz_inputs/task5_0015.yaml
16,task5_0016,UTEXAS_10000082_R87,UTEXAS_10000082,10000082,40,RNA,77,Vascular Endothelial Growth Factor (VEGF),protein,419,UniProt,P49767,Vascular endothelial growth factor C (VEGF-C) (Flt4 ligand) (Flt4-L) (Vascular endothelial growth factor-related protein) (VRP),UNIPROT_NAME_SCORE_2.000,STRONG_NAME_MATCH_1.000,"Kd1: 0.19 ±0.09 nM
Kd2: 10 ± 1 nM",0.19,https://doi.org/10.1021/bi00200a028,https://pubmed.ncbi.nlm.nih.gov/7520755/,/projects/bentosprg6/linwx/research_project/data/task5/boltz_inputs/task5_0016.yaml
17,task5_0017,UTEXAS_10000083_R88,UTEXAS_10000083,10000083,84,RNA,83,Vascular Endothelial Growth Factor (VEGF),protein,419,UniProt,P49767,Vascular endothelial growth factor C (VEGF-C) (Flt4 ligand) (Flt4-L) (Vascular endothelial growth factor-related protein) (VRP),UNIPROT_NAME_SCORE_2.000,STRONG_NAME_MATCH_1.000,"Kd1: 0.82 ±0.2 nM
Kd2: 21 ± 5 nM",0.82,https://doi.org/10.1021/bi00200a028,https://pubmed.ncbi.nlm.nih.gov/7520755/,/projects/bentosprg6/linwx/research_project/data/task5/boltz_inputs/task5_0017.yaml
18,task5_0018,UTEXAS_10000084_R89,UTEXAS_10000084,10000084,126,RNA,80,Vascular Endothelial Growth Factor (VEGF),protein,419,UniProt,P49767,Vascular endothelial growth factor C (VEGF-C) (Flt4 ligand) (Flt4-L) (Vascular endothelial growth factor-related protein) (VRP),UNIPROT_NAME_SCORE_2.000,STRONG_NAME_MATCH_1.000,"Kd1: 0.14 ±0.04 nM
Kd2: 11 ± 3 nM",0.14,https://doi.org/10.1021/bi00200a028,https://pubmed.ncbi.nlm.nih.gov/7520755/,/projects/bentosprg6/linwx/research_project/data/task5/boltz_inputs/task5_0018.yaml
19,task5_0019,UTEXAS_10000097_R102,UTEXAS_10000097,10000097,W13 (clone 8),RNA,109,Tobramycin,ligand,,PubChem,36294,Tobramycin,PUBCHEM_NAME,PUBCHEM_NAME_WITH_SMILES,Kd: 4.3 ± 0.7 µM,4.3,https://doi.org/10.1016/1074-5521(95)90047-0,https://pubmed.ncbi.nlm.nih.gov/9383430/,/projects/bentosprg6/linwx/research_project/data/task5/boltz_inputs/task5_0019.yaml
20,task5_0020,UTEXAS_10000098_R103,UTEXAS_10000098,10000098,X1,RNA,109,Tobramycin,ligand,,PubChem,36294,Tobramycin,PUBCHEM_NAME,PUBCHEM_NAME_WITH_SMILES,Kd: 3 ± 1 nM (high affinity component); 15.9 ± 0.7 µM (low affinity component),3,https://doi.org/10.1016/1074-5521(95)90047-0,https://pubmed.ncbi.nlm.nih.gov/9383430/,/projects/bentosprg6/linwx/research_project/data/task5/boltz_inputs/task5_0020.yaml
21,task5_0021,UTEXAS_10000099_R104,UTEXAS_10000099,10000099,J6,RNA,109,Tobramycin,ligand,,PubChem,36294,Tobramycin,PUBCHEM_NAME,PUBCHEM_NAME_WITH_SMILES,Kd: 2 ± 1 nM (high affinity component); 6.0 ± 0.4 µM (low affinity component),2,https://doi.org/10.1016/1074-5521(95)90047-0,https://pubmed.ncbi.nlm.nih.gov/9383430/,/projects/bentosprg6/linwx/research_project/data/task5/boltz_inputs/task5_0021.yaml
22,task5_0022,UTEXAS_10000142_R157,UTEXAS_10000142,10000142,DNAA,DNA,58,Isoleucyl-tRNA synthetase (tRNAIle),protein,1012,UniProt,Q9NSE4,"Isoleucine--tRNA ligase, mitochondrial (EC 6.1.1.5) (Isoleucyl-tRNA synthetase) (IleRS)",UNIPROT_NAME_SCORE_2.000,STRONG_NAME_MATCH_0.750,Kd: 1.5 uM,1500,https://doi.org/10.1073/pnas.93.7.2755,https://pubmed.ncbi.nlm.nih.gov/8610114/,/projects/bentosprg6/linwx/research_project/data/task5/boltz_inputs/task5_0022.yaml
23,task5_0023,UTEXAS_10000144_R159,UTEXAS_10000144,10000144,V2 Hammerhead Ribozyme,RNA,89,Adenosine triphosphate (ATP),ligand,,PubChem,5957,Adenosine triphosphate,PUBCHEM_NAME,PUBCHEM_NAME_WITH_SMILES,Not reported,,PMID: 9257650 PMCID: PMC1369536,https://pubmed.ncbi.nlm.nih.gov/9257650/,/projects/bentosprg6/linwx/research_project/data/task5/boltz_inputs/task5_0023.yaml
24,task5_0024,UTEXAS_10000146_R161,UTEXAS_10000146,10000146,30-8,DNA,75,"Thrombin, Human",protein,622,UniProt,P00734,Prothrombin (EC 3.4.21.5) (Coagulation factor II) [Cleaved into: Activation peptide fragment 1; Activation peptide fragment 2; Thrombin light chain; Thrombin heavy chain],UNIPROT_NAME_SCORE_2.000,STRONG_NAME_MATCH_1.000,Kd: 0.4 nM,0.4,https://doi.org/10.1006/jmbi.1997.1275,https://pubmed.ncbi.nlm.nih.gov/9368651/,/projects/bentosprg6/linwx/research_project/data/task5/boltz_inputs/task5_0024.yaml
25,task5_0025,UTEXAS_10000147_R162,UTEXAS_10000147,10000147,30-14,DNA,75,"Thrombin, Human",protein,622,UniProt,P00734,Prothrombin (EC 3.4.21.5) (Coagulation factor II) [Cleaved into: Activation peptide fragment 1; Activation peptide fragment 2; Thrombin light chain; Thrombin heavy chain],UNIPROT_NAME_SCORE_2.000,STRONG_NAME_MATCH_1.000,Kd: 0.96 nM,0.96,https://doi.org/10.1006/jmbi.1997.1275,https://pubmed.ncbi.nlm.nih.gov/9368651/,/projects/bentosprg6/linwx/research_project/data/task5/boltz_inputs/task5_0025.yaml
26,task5_0026,UTEXAS_10000148_R163,UTEXAS_10000148,10000148,30-16,DNA,75,"Thrombin, Human",protein,622,UniProt,P00734,Prothrombin (EC 3.4.21.5) (Coagulation factor II) [Cleaved into: Activation peptide fragment 1; Activation peptide fragment 2; Thrombin light chain; Thrombin heavy chain],UNIPROT_NAME_SCORE_2.000,STRONG_NAME_MATCH_1.000,Not reported,,https://doi.org/10.1006/jmbi.1997.1275,https://pubmed.ncbi.nlm.nih.gov/9368651/,/projects/bentosprg6/linwx/research_project/data/task5/boltz_inputs/task5_0026.yaml
27,task5_0027,UTEXAS_10000151_R166,UTEXAS_10000151,10000151,30-38,DNA,75,"Thrombin, Human",protein,622,UniProt,P00734,Prothrombin (EC 3.4.21.5) (Coagulation factor II) [Cleaved into: Activation peptide fragment 1; Activation peptide fragment 2; Thrombin light chain; Thrombin heavy chain],UNIPROT_NAME_SCORE_2.000,STRONG_NAME_MATCH_1.000,Not reported,,https://doi.org/10.1006/jmbi.1997.1275,https://pubmed.ncbi.nlm.nih.gov/9368651/,/projects/bentosprg6/linwx/research_project/data/task5/boltz_inputs/task5_0027.yaml
28,task5_0028,UTEXAS_10000154_R169,UTEXAS_10000154,10000154,60-18,DNA,105,"Thrombin, Human",protein,622,UniProt,P00734,Prothrombin (EC 3.4.21.5) (Coagulation factor II) [Cleaved into: Activation peptide fragment 1; Activation peptide fragment 2; Thrombin light chain; Thrombin heavy chain],UNIPROT_NAME_SCORE_2.000,STRONG_NAME_MATCH_1.000,Kd: 0.92 nM,0.92,https://doi.org/10.1006/jmbi.1997.1275,https://pubmed.ncbi.nlm.nih.gov/9368651/,/projects/bentosprg6/linwx/research_project/data/task5/boltz_inputs/task5_0028.yaml
29,task5_0029,UTEXAS_10000162_R177,UTEXAS_10000162,10000162,70cam6,RNA,118,Chloramphenicol (Cam),ligand,,PubChem,5959,Chloramphenicol,PUBCHEM_NAME,PUBCHEM_NAME_WITH_SMILES,Kd: 2.1 ±  0.3 µM,2100,https://doi.org/10.1016/s1074-5521(97)90116-2,https://pubmed.ncbi.nlm.nih.gov/9384530/,/projects/bentosprg6/linwx/research_project/data/task5/boltz_inputs/task5_0029.yaml
30,task5_0030,UTEXAS_10000163_R178,UTEXAS_10000163,10000163,70cam9,RNA,118,Chloramphenicol (Cam),ligand,,PubChem,5959,Chloramphenicol,PUBCHEM_NAME,PUBCHEM_NAME_WITH_SMILES,Kd: 8 ±  4 µM,8000,https://doi.org/10.1016/s1074-5521(97)90116-2,https://pubmed.ncbi.nlm.nih.gov/9384530/,/projects/bentosprg6/linwx/research_project/data/task5/boltz_inputs/task5_0030.yaml
31,task5_0031,UTEXAS_10000164_R179,UTEXAS_10000164,10000164,70cam53,RNA,117,Chloramphenicol (Cam),ligand,,PubChem,5959,Chloramphenicol,PUBCHEM_NAME,PUBCHEM_NAME_WITH_SMILES,Kd: 7 ±  2 µM,7000,https://doi.org/10.1016/s1074-5521(97)90116-2,https://pubmed.ncbi.nlm.nih.gov/9384530/,/projects/bentosprg6/linwx/research_project/data/task5/boltz_inputs/task5_0031.yaml
32,task5_0032,UTEXAS_10000165_R180,UTEXAS_10000165,10000165,80Cm50*,RNA,133,Chloramphenicol (Cam),ligand,,PubChem,5959,Chloramphenicol,PUBCHEM_NAME,PUBCHEM_NAME_WITH_SMILES,Kd: 25 ±  3 µM,25000,https://doi.org/10.1016/s1074-5521(97)90116-2,https://pubmed.ncbi.nlm.nih.gov/9384530/,/projects/bentosprg6/linwx/research_project/data/task5/boltz_inputs/task5_0032.yaml
33,task5_0033,UTEXAS_10000189_R209,UTEXAS_10000189,10000189,14F,RNA,69,"Keratinocyte growth factor (hKGF), Human",protein,208,UniProt,O15520,Fibroblast growth factor 10 (FGF-10) (Keratinocyte growth factor 2),UNIPROT_NAME_SCORE_2.000,STRONG_NAME_MATCH_0.750,Kd: biphasic 0.001 nM Ki: 3.3 nM,0.001,https://doi.org/10.1038/nbt0197-68,https://pubmed.ncbi.nlm.nih.gov/9035109/,/projects/bentosprg6/linwx/research_project/data/task5/boltz_inputs/task5_0033.yaml
34,task5_0034,UTEXAS_10000190_R210,UTEXAS_10000190,10000190,6F,RNA,72,"Keratinocyte growth factor (hKGF), Human",protein,208,UniProt,O15520,Fibroblast growth factor 10 (FGF-10) (Keratinocyte growth factor 2),UNIPROT_NAME_SCORE_2.000,STRONG_NAME_MATCH_0.750,Kd: biphasic 0.05 nM Ki: 1.3 nM,0.05,https://doi.org/10.1038/nbt0197-68,https://pubmed.ncbi.nlm.nih.gov/9035109/,/projects/bentosprg6/linwx/research_project/data/task5/boltz_inputs/task5_0034.yaml
35,task5_0035,UTEXAS_10000191_R211,UTEXAS_10000191,10000191,15F,RNA,70,"Keratinocyte growth factor (hKGF), Human",protein,208,UniProt,O15520,Fibroblast growth factor 10 (FGF-10) (Keratinocyte growth factor 2),UNIPROT_NAME_SCORE_2.000,STRONG_NAME_MATCH_0.750,Kd: biphasic 0.07 nM Ki: 6.7 nM,0.07,https://doi.org/10.1038/nbt0197-68,https://pubmed.ncbi.nlm.nih.gov/9035109/,/projects/bentosprg6/linwx/research_project/data/task5/boltz_inputs/task5_0035.yaml
36,task5_0036,UTEXAS_10000193_R213,UTEXAS_10000193,10000193,37F,RNA,70,"Keratinocyte growth factor (hKGF), Human",protein,208,UniProt,O15520,Fibroblast growth factor 10 (FGF-10) (Keratinocyte growth factor 2),UNIPROT_NAME_SCORE_2.000,STRONG_NAME_MATCH_0.750,Kd: 0.46 nM Ki: 6.7 nM,0.47,https://doi.org/10.1038/nbt0197-68,https://pubmed.ncbi.nlm.nih.gov/9035109/,/projects/bentosprg6/linwx/research_project/data/task5/boltz_inputs/task5_0036.yaml
37,task5_0037,UTEXAS_10000194_R214,UTEXAS_10000194,10000194,13F,RNA,70,"Keratinocyte growth factor (hKGF), Human",protein,208,UniProt,O15520,Fibroblast growth factor 10 (FGF-10) (Keratinocyte growth factor 2),UNIPROT_NAME_SCORE_2.000,STRONG_NAME_MATCH_0.750,Kd: biphasic 0.03 nM Ki: 10.0 nM,0.03,https://doi.org/10.1038/nbt0197-68,https://pubmed.ncbi.nlm.nih.gov/9035109/,/projects/bentosprg6/linwx/research_project/data/task5/boltz_inputs/task5_0037.yaml
38,task5_0038,UTEXAS_10000195_R215,UTEXAS_10000195,10000195,50F,RNA,69,"Keratinocyte growth factor (hKGF), Human",protein,208,UniProt,O15520,Fibroblast growth factor 10 (FGF-10) (Keratinocyte growth factor 2),UNIPROT_NAME_SCORE_2.000,STRONG_NAME_MATCH_0.750,Kd: biphasic 0.12 nM,0.12,https://doi.org/10.1038/nbt0197-68,https://pubmed.ncbi.nlm.nih.gov/9035109/,/projects/bentosprg6/linwx/research_project/data/task5/boltz_inputs/task5_0038.yaml
39,task5_0039,UTEXAS_10000197_R217,UTEXAS_10000197,10000197,10F,RNA,71,"Keratinocyte growth factor (hKGF), Human",protein,208,UniProt,O15520,Fibroblast growth factor 10 (FGF-10) (Keratinocyte growth factor 2),UNIPROT_NAME_SCORE_2.000,STRONG_NAME_MATCH_0.750,Kd: 0.47 nM Ki: 10.0 nM,0.47,https://doi.org/10.1038/nbt0197-68,https://pubmed.ncbi.nlm.nih.gov/9035109/,/projects/bentosprg6/linwx/research_project/data/task5/boltz_inputs/task5_0039.yaml
40,task5_0040,UTEXAS_10000198_R218,UTEXAS_10000198,10000198,43F,RNA,49,"Keratinocyte growth factor (hKGF), Human",protein,208,UniProt,O15520,Fibroblast growth factor 10 (FGF-10) (Keratinocyte growth factor 2),UNIPROT_NAME_SCORE_2.000,STRONG_NAME_MATCH_0.750,Kd: 1.13 nM Ki: 16.7 nM,1.13,https://doi.org/10.1038/nbt0197-68,https://pubmed.ncbi.nlm.nih.gov/9035109/,/projects/bentosprg6/linwx/research_project/data/task5/boltz_inputs/task5_0040.yaml
41,task5_0041,UTEXAS_10000199_R219,UTEXAS_10000199,10000199,14N,RNA,71,"Keratinocyte growth factor (hKGF), Human",protein,208,UniProt,O15520,Fibroblast growth factor 10 (FGF-10) (Keratinocyte growth factor 2),UNIPROT_NAME_SCORE_2.000,STRONG_NAME_MATCH_0.750,Kd: 0.4 nM Ki: 2.0 nM,0.4,https://doi.org/10.1038/nbt0197-68,https://pubmed.ncbi.nlm.nih.gov/9035109/,/projects/bentosprg6/linwx/research_project/data/task5/boltz_inputs/task5_0041.yaml
42,task5_0042,UTEXAS_10000200_R220,UTEXAS_10000200,10000200,4N,RNA,71,"Keratinocyte growth factor (hKGF), Human",protein,208,UniProt,O15520,Fibroblast growth factor 10 (FGF-10) (Keratinocyte growth factor 2),UNIPROT_NAME_SCORE_2.000,STRONG_NAME_MATCH_0.750,Kd: 0.7 nM Ki: 23.3 nM,0.7,https://doi.org/10.1038/nbt0197-68,https://pubmed.ncbi.nlm.nih.gov/9035109/,/projects/bentosprg6/linwx/research_project/data/task5/boltz_inputs/task5_0042.yaml
43,task5_0043,UTEXAS_10000201_R221,UTEXAS_10000201,10000201,1N,RNA,71,"Keratinocyte growth factor (hKGF), Human",protein,208,UniProt,O15520,Fibroblast growth factor 10 (FGF-10) (Keratinocyte growth factor 2),UNIPROT_NAME_SCORE_2.000,STRONG_NAME_MATCH_0.750,Kd: 0.5 nM Ki: 16.7 nM,0.5,https://doi.org/10.1038/nbt0197-68,https://pubmed.ncbi.nlm.nih.gov/9035109/,/projects/bentosprg6/linwx/research_project/data/task5/boltz_inputs/task5_0043.yaml
44,task5_0044,UTEXAS_10000202_R222,UTEXAS_10000202,10000202,29N,RNA,65,"Keratinocyte growth factor (hKGF), Human",protein,208,UniProt,O15520,Fibroblast growth factor 10 (FGF-10) (Keratinocyte growth factor 2),UNIPROT_NAME_SCORE_2.000,STRONG_NAME_MATCH_0.750,Kd: 0.43 nM Ki: 13.3 nM,0.43,https://doi.org/10.1038/nbt0197-68,https://pubmed.ncbi.nlm.nih.gov/9035109/,/projects/bentosprg6/linwx/research_project/data/task5/boltz_inputs/task5_0044.yaml
45,task5_0045,UTEXAS_10000203_R223,UTEXAS_10000203,10000203,6N,RNA,71,"Keratinocyte growth factor (hKGF), Human",protein,208,UniProt,O15520,Fibroblast growth factor 10 (FGF-10) (Keratinocyte growth factor 2),UNIPROT_NAME_SCORE_2.000,STRONG_NAME_MATCH_0.750,Kd: 0.7 nM Ki: 26.7 nM,0.7,https://doi.org/10.1038/nbt0197-68,https://pubmed.ncbi.nlm.nih.gov/9035109/,/projects/bentosprg6/linwx/research_project/data/task5/boltz_inputs/task5_0045.yaml
46,task5_0046,UTEXAS_10000204_R224,UTEXAS_10000204,10000204,2N,RNA,71,"Keratinocyte growth factor (hKGF), Human",protein,208,UniProt,O15520,Fibroblast growth factor 10 (FGF-10) (Keratinocyte growth factor 2),UNIPROT_NAME_SCORE_2.000,STRONG_NAME_MATCH_0.750,Kd: 0.8 nM Ki: 66.7 nM,0.8,https://doi.org/10.1038/nbt0197-68,https://pubmed.ncbi.nlm.nih.gov/9035109/,/projects/bentosprg6/linwx/research_project/data/task5/boltz_inputs/task5_0046.yaml
47,task5_0047,UTEXAS_10000205_R225,UTEXAS_10000205,10000205,24N,RNA,71,"Keratinocyte growth factor (hKGF), Human",protein,208,UniProt,O15520,Fibroblast growth factor 10 (FGF-10) (Keratinocyte growth factor 2),UNIPROT_NAME_SCORE_2.000,STRONG_NAME_MATCH_0.750,Kd: 1.2 nM,1.2,https://doi.org/10.1038/nbt0197-68,https://pubmed.ncbi.nlm.nih.gov/9035109/,/projects/bentosprg6/linwx/research_project/data/task5/boltz_inputs/task5_0047.yaml
48,task5_0048,UTEXAS_10000215_R236,UTEXAS_10000215,10000215,XBA RNA,RNA,32,Guanine,ligand,,PubChem,135398634,Guanine,PUBCHEM_NAME,PUBCHEM_NAME_WITH_SMILES,Kd: 1.3 µM,1300,https://doi.org/10.1093/nar/26.7.1755,https://pubmed.ncbi.nlm.nih.gov/9512549/,/projects/bentosprg6/linwx/research_project/data/task5/boltz_inputs/task5_0048.yaml
49,task5_0049,UTEXAS_10000216_R237,UTEXAS_10000216,10000216,APC-167,RNA,167,"Activated protein C (APC), Human",protein,2843,UniProt,P25054,Adenomatous polyposis coli protein (Protein APC) (Deleted in polyposis 2.5),UNIPROT_EXACT_GENE,UNIPROT_EXACT_GENE,Ki: 83 ± 17 nM,,https://doi.org/10.1046/j.1432-1327.1998.2520553.x,https://pubmed.ncbi.nlm.nih.gov/9546673/,/projects/bentosprg6/linwx/research_project/data/task5/boltz_inputs/task5_0049.yaml
50,task5_0050,UTEXAS_10000217_R238,UTEXAS_10000217,10000217,APC-99,RNA,99,"Activated protein C (APC), Human",protein,2843,UniProt,P25054,Adenomatous polyposis coli protein (Protein APC) (Deleted in polyposis 2.5),UNIPROT_EXACT_GENE,UNIPROT_EXACT_GENE,Ki: 137 ± 14 nM,,https://doi.org/10.1046/j.1432-1327.1998.2520553.x,https://pubmed.ncbi.nlm.nih.gov/9546673/,/projects/bentosprg6/linwx/research_project/data/task5/boltz_inputs/task5_0050.yaml
51,task5_0051,UTEXAS_10000237_R258,UTEXAS_10000237,10000237,C #128,RNA,113,Streptomycin,ligand,,PubChem,19649,Streptomycin,PUBCHEM_NAME,PUBCHEM_NAME_WITH_SMILES,Not reported,,"PMCID: PMC1369601, PMID: 9436913",https://pubmed.ncbi.nlm.nih.gov/9436913/,/projects/bentosprg6/linwx/research_project/data/task5/boltz_inputs/task5_0051.yaml
52,task5_0052,UTEXAS_10000239_R260,UTEXAS_10000239,10000239,B # 84,RNA,113,Streptomycin,ligand,,PubChem,19649,Streptomycin,PUBCHEM_NAME,PUBCHEM_NAME_WITH_SMILES,Not reported,,"PMCID: PMC1369601, PMID: 9436913",https://pubmed.ncbi.nlm.nih.gov/9436913/,/projects/bentosprg6/linwx/research_project/data/task5/boltz_inputs/task5_0052.yaml
53,task5_0053,UTEXAS_10000241_R262,UTEXAS_10000241,10000241,29A-OH,DNA,29,Nucleolin,protein,710,UniProt,P19338,Nucleolin (Protein C23),UNIPROT_NAME_SCORE_2.000,STRONG_NAME_MATCH_1.000,Not reported,,https://doi.org/10.1074/jbc.274.37.26369,https://pubmed.ncbi.nlm.nih.gov/10473594/,/projects/bentosprg6/linwx/research_project/data/task5/boltz_inputs/task5_0053.yaml
54,task5_0054,UTEXAS_10000242_R263,UTEXAS_10000242,10000242,GRO29A ,DNA,29,Nucleolin,protein,710,UniProt,P19338,Nucleolin (Protein C23),UNIPROT_NAME_SCORE_2.000,STRONG_NAME_MATCH_1.000,Not reported,,https://doi.org/10.1074/jbc.274.37.26369,https://pubmed.ncbi.nlm.nih.gov/10473594/,/projects/bentosprg6/linwx/research_project/data/task5/boltz_inputs/task5_0054.yaml
55,task5_0055,UTEXAS_10000253_R274,UTEXAS_10000253,10000253,RNA-1,RNA,82,Subtilisin BPN,ligand,,PubChem,3086051,Subtilisin BPN,PUBCHEM_NAME,PUBCHEM_NAME_WITH_SMILES,Ki: 2.5 µM,,https://doi.org/10.1093/oxfordjournals.jbchem.a022393,https://pubmed.ncbi.nlm.nih.gov/10348914/,/projects/bentosprg6/linwx/research_project/data/task5/boltz_inputs/task5_0055.yaml
56,task5_0056,UTEXAS_10000285_R307,UTEXAS_10000285,10000285,1D13-01,RNA,102,Doxycyline,ligand,,PubChem,54713166,Doxycyline,PUBCHEM_NAME,PUBCHEM_NAME_WITH_SMILES,Ki: 70 ± 20 nM,,https://doi.org/10.1002/1521-3773(20001201)39:23%3C4369::aid-anie4369%3E3.0.co;2-n,https://pubmed.ncbi.nlm.nih.gov/29711918/,/projects/bentosprg6/linwx/research_project/data/task5/boltz_inputs/task5_0056.yaml
57,task5_0057,UTEXAS_10000286_R308,UTEXAS_10000286,10000286,1D16-05,RNA,101,Doxycyline,ligand,,PubChem,54713166,Doxycyline,PUBCHEM_NAME,PUBCHEM_NAME_WITH_SMILES,Ki: 20 ± 5 nM,,https://doi.org/10.1002/1521-3773(20001201)39:23%3C4369::aid-anie4369%3E3.0.co;2-n,https://pubmed.ncbi.nlm.nih.gov/29711918/,/projects/bentosprg6/linwx/research_project/data/task5/boltz_inputs/task5_0057.yaml
58,task5_0058,UTEXAS_10000287_R309,UTEXAS_10000287,10000287,1D16-06,RNA,102,Doxycyline,ligand,,PubChem,54713166,Doxycyline,PUBCHEM_NAME,PUBCHEM_NAME_WITH_SMILES,Ki: 25 ± 3 nM,,https://doi.org/10.1002/1521-3773(20001201)39:23%3C4369::aid-anie4369%3E3.0.co;2-n,https://pubmed.ncbi.nlm.nih.gov/29711918/,/projects/bentosprg6/linwx/research_project/data/task5/boltz_inputs/task5_0058.yaml
59,task5_0059,UTEXAS_10000288_R310,UTEXAS_10000288,10000288,rafl7,RNA,84,Adenosine triphosphate (ATP),ligand,,PubChem,5957,Adenosine triphosphate,PUBCHEM_NAME,PUBCHEM_NAME_WITH_SMILES,Kd: 223 μM ± 20 μM,223000,https://doi.org/10.1038/82414,https://pubmed.ncbi.nlm.nih.gov/11101810/,/projects/bentosprg6/linwx/research_project/data/task5/boltz_inputs/task5_0059.yaml
60,task5_0060,UTEXAS_10000291_R313,UTEXAS_10000291,10000291,rafl28,RNA,84,Adenosine triphosphate (ATP),ligand,,PubChem,5957,Adenosine triphosphate,PUBCHEM_NAME,PUBCHEM_NAME_WITH_SMILES,Not reported ,,https://doi.org/10.1038/82414,https://pubmed.ncbi.nlm.nih.gov/11101810/,/projects/bentosprg6/linwx/research_project/data/task5/boltz_inputs/task5_0060.yaml
61,task5_0061,UTEXAS_10000292_R314,UTEXAS_10000292,10000292,1D16-13,RNA,102,Doxycyline,ligand,,PubChem,54713166,Doxycyline,PUBCHEM_NAME,PUBCHEM_NAME_WITH_SMILES,Ki: 50 ± 30 nM,,https://doi.org/10.1002/1521-3773(20001201)39:23%3C4369::aid-anie4369%3E3.0.co;2-n,https://pubmed.ncbi.nlm.nih.gov/29711918/,/projects/bentosprg6/linwx/research_project/data/task5/boltz_inputs/task5_0061.yaml
62,task5_0062,UTEXAS_10000296_R318,UTEXAS_10000296,10000296,8,DNA,104,Hematoporphyrin IX (HPIX),ligand,,PubChem,11103,Hematoporphyrin IX,PUBCHEM_NAME,PUBCHEM_NAME_WITH_SMILES,Kd: 1.1x10^-5 M,11000,https://doi.org/10.1016/s0960-894x(00)00540-0,https://pubmed.ncbi.nlm.nih.gov/11128644/,/projects/bentosprg6/linwx/research_project/data/task5/boltz_inputs/task5_0062.yaml
63,task5_0063,UTEXAS_10000297_R319,UTEXAS_10000297,10000297,13,DNA,103,Hematoporphyrin IX (HPIX),ligand,,PubChem,11103,Hematoporphyrin IX,PUBCHEM_NAME,PUBCHEM_NAME_WITH_SMILES,Kd: 9.1x10^-6 M,9100,https://doi.org/10.1016/s0960-894x(00)00540-0,https://pubmed.ncbi.nlm.nih.gov/11128644/,/projects/bentosprg6/linwx/research_project/data/task5/boltz_inputs/task5_0063.yaml
64,task5_0064,UTEXAS_10000298_R320,UTEXAS_10000298,10000298,14,DNA,104,Hematoporphyrin IX (HPIX),ligand,,PubChem,11103,Hematoporphyrin IX,PUBCHEM_NAME,PUBCHEM_NAME_WITH_SMILES,Kd: 1.2x10^-4 M,120000,https://doi.org/10.1016/s0960-894x(00)00540-0,https://pubmed.ncbi.nlm.nih.gov/11128644/,/projects/bentosprg6/linwx/research_project/data/task5/boltz_inputs/task5_0064.yaml
65,task5_0065,UTEXAS_10000299_R321,UTEXAS_10000299,10000299,20,DNA,104,Hematoporphyrin IX (HPIX),ligand,,PubChem,11103,Hematoporphyrin IX,PUBCHEM_NAME,PUBCHEM_NAME_WITH_SMILES,Kd: 6.3x10^-6 M,6300,https://doi.org/10.1016/s0960-894x(00)00540-0,https://pubmed.ncbi.nlm.nih.gov/11128644/,/projects/bentosprg6/linwx/research_project/data/task5/boltz_inputs/task5_0065.yaml
66,task5_0066,UTEXAS_10000300_R322,UTEXAS_10000300,10000300,22,DNA,104,Hematoporphyrin IX (HPIX),ligand,,PubChem,11103,Hematoporphyrin IX,PUBCHEM_NAME,PUBCHEM_NAME_WITH_SMILES,Kd: 1.3x10^-5 M,13000,https://doi.org/10.1016/s0960-894x(00)00540-0,https://pubmed.ncbi.nlm.nih.gov/11128644/,/projects/bentosprg6/linwx/research_project/data/task5/boltz_inputs/task5_0066.yaml
67,task5_0067,UTEXAS_10000301_R323,UTEXAS_10000301,10000301,26,DNA,102,Hematoporphyrin IX (HPIX),ligand,,PubChem,11103,Hematoporphyrin IX,PUBCHEM_NAME,PUBCHEM_NAME_WITH_SMILES,Kd: 1.6x10^-6 M,1600,https://doi.org/10.1016/s0960-894x(00)00540-0,https://pubmed.ncbi.nlm.nih.gov/11128644/,/projects/bentosprg6/linwx/research_project/data/task5/boltz_inputs/task5_0067.yaml
68,task5_0068,UTEXAS_10000302_R324,UTEXAS_10000302,10000302,30,DNA,105,Hematoporphyrin IX (HPIX),ligand,,PubChem,11103,Hematoporphyrin IX,PUBCHEM_NAME,PUBCHEM_NAME_WITH_SMILES,Kd: 2.7x10^-6 M,2700,https://doi.org/10.1016/s0960-894x(00)00540-0,https://pubmed.ncbi.nlm.nih.gov/11128644/,/projects/bentosprg6/linwx/research_project/data/task5/boltz_inputs/task5_0068.yaml
69,task5_0069,UTEXAS_10000303_R325,UTEXAS_10000303,10000303,32,DNA,105,Hematoporphyrin IX (HPIX),ligand,,PubChem,11103,Hematoporphyrin IX,PUBCHEM_NAME,PUBCHEM_NAME_WITH_SMILES,Kd: 9.8x10^-6 M,9800,https://doi.org/10.1016/s0960-894x(00)00540-0,https://pubmed.ncbi.nlm.nih.gov/11128644/,/projects/bentosprg6/linwx/research_project/data/task5/boltz_inputs/task5_0069.yaml
70,task5_0070,UTEXAS_10000304_R326,UTEXAS_10000304,10000304,33,DNA,105,Hematoporphyrin IX (HPIX),ligand,,PubChem,11103,Hematoporphyrin IX,PUBCHEM_NAME,PUBCHEM_NAME_WITH_SMILES,Kd: 2.2x10^-4 M,220000,https://doi.org/10.1016/s0960-894x(00)00540-0,https://pubmed.ncbi.nlm.nih.gov/11128644/,/projects/bentosprg6/linwx/research_project/data/task5/boltz_inputs/task5_0070.yaml
71,task5_0071,UTEXAS_10000311_R333,UTEXAS_10000311,10000311,06.50 aptamer,DNA,61,"Basic fibroblast growth factor (bFGF(155)), Human",protein,288,UniProt,P09038,Fibroblast growth factor 2 (FGF-2) (Basic fibroblast growth factor) (bFGF) (Heparin-binding growth factor 2) (HBGF-2),UNIPROT_NAME_SCORE_2.000,STRONG_NAME_MATCH_0.833,Kd: 560 pM,0.56,https://doi.org/10.1016/s0168-1656(00)00290-x,https://pubmed.ncbi.nlm.nih.gov/10989176/,/projects/bentosprg6/linwx/research_project/data/task5/boltz_inputs/task5_0071.yaml
72,task5_0072,UTEXAS_10000312_R334,UTEXAS_10000312,10000312,06.15 aptamer,DNA,61,"Basic fibroblast growth factor (bFGF(155)), Human",protein,288,UniProt,P09038,Fibroblast growth factor 2 (FGF-2) (Basic fibroblast growth factor) (bFGF) (Heparin-binding growth factor 2) (HBGF-2),UNIPROT_NAME_SCORE_2.000,STRONG_NAME_MATCH_0.833,Kd: 16 pM,0.016,https://doi.org/10.1016/s0168-1656(00)00290-x,https://pubmed.ncbi.nlm.nih.gov/10989176/,/projects/bentosprg6/linwx/research_project/data/task5/boltz_inputs/task5_0072.yaml
73,task5_0073,UTEXAS_10000323_R345,UTEXAS_10000323,10000323,ADR58,RNA,71,"Oncostatin M (OSM), Human",protein,252,UniProt,P13725,Oncostatin-M (OSM),UNIPROT_EXACT_GENE,UNIPROT_EXACT_GENE,Kd: 7 nM,7,https://doi.org/10.1074/jbc.M002981200,https://pubmed.ncbi.nlm.nih.gov/10882721/,/projects/bentosprg6/linwx/research_project/data/task5/boltz_inputs/task5_0073.yaml
74,task5_0074,UTEXAS_10000325_R347,UTEXAS_10000325,10000325,F7-9D,DNA,30,Cocaine,ligand,,PubChem,446220,Cocaine,PUBCHEM_NAME,PUBCHEM_NAME_WITH_SMILES,Kd ∼ 100 µM,100000,https://doi.org/10.1021/ja0038171,https://pubmed.ncbi.nlm.nih.gov/11457319/,/projects/bentosprg6/linwx/research_project/data/task5/boltz_inputs/task5_0074.yaml
75,task5_0075,UTEXAS_10000326_R348,UTEXAS_10000326,10000326,MNS-4.1,DNA,38,Cocaine,ligand,,PubChem,446220,Cocaine,PUBCHEM_NAME,PUBCHEM_NAME_WITH_SMILES,Kd ∼ 20 µM,20000,https://doi.org/10.1021/ja0038171,https://pubmed.ncbi.nlm.nih.gov/11457319/,/projects/bentosprg6/linwx/research_project/data/task5/boltz_inputs/task5_0075.yaml
76,task5_0076,UTEXAS_10000327_R349,UTEXAS_10000327,10000327,Clone 3,RNA,95,N-methyl mesoporphyrin IX (NMM),ligand,,PubChem,656404,N-methyl mesoporphyrin IX,PUBCHEM_NAME,PUBCHEM_NAME_WITH_SMILES,Kd: 0.25 μM,250,https://doi.org/10.1002/bit.10078,https://pubmed.ncbi.nlm.nih.gov/11668446/,/projects/bentosprg6/linwx/research_project/data/task5/boltz_inputs/task5_0076.yaml
77,task5_0077,UTEXAS_10000328_R350,UTEXAS_10000328,10000328,Clone 30,RNA,97,N-methyl mesoporphyrin IX (NMM),ligand,,PubChem,656404,N-methyl mesoporphyrin IX,PUBCHEM_NAME,PUBCHEM_NAME_WITH_SMILES,Kd: 0.66 μM,660,https://doi.org/10.1002/bit.10078,https://pubmed.ncbi.nlm.nih.gov/11668446/,/projects/bentosprg6/linwx/research_project/data/task5/boltz_inputs/task5_0077.yaml
78,task5_0078,UTEXAS_10000347_R369,UTEXAS_10000347,10000347,D8,RNA,84,Sephadex G-100,ligand,,PubChem,168009902,Sephadex G-100,PUBCHEM_NAME,PUBCHEM_NAME_WITH_SMILES,Not reported,,https://doi.org/10.1093/nar/29.2.e4,https://pubmed.ncbi.nlm.nih.gov/11139634/,/projects/bentosprg6/linwx/research_project/data/task5/boltz_inputs/task5_0078.yaml
79,task5_0079,UTEXAS_10000349_R371,UTEXAS_10000349,10000349,12 E4,RNA,98,N6-adenine,protein,365,UniProt,Q09956,DNA N6-methyl methyltransferase (EC 2.1.1.72) (DNA N6 adenine methyltransferase 1),UNIPROT_NAME_SCORE_2.000,STRONG_NAME_MATCH_1.000,Kd: 10 μM,10000,https://doi.org/10.1074/jbc.m107130200,https://pubmed.ncbi.nlm.nih.gov/11705996/,/projects/bentosprg6/linwx/research_project/data/task5/boltz_inputs/task5_0079.yaml
80,task5_0080,UTEXAS_10000350_R372,UTEXAS_10000350,10000350,RNA 12 E4,RNA,91,Adenine,ligand,,PubChem,190,Adenine,PUBCHEM_NAME,PUBCHEM_NAME_WITH_SMILES,Kd: 10 uM,10000,https://doi.org/10.1074/jbc.m107130200,https://pubmed.ncbi.nlm.nih.gov/11705996/,/projects/bentosprg6/linwx/research_project/data/task5/boltz_inputs/task5_0080.yaml
81,task5_0081,UTEXAS_10000358_R380,UTEXAS_10000358,10000358,DP3,RNA,91,Neuropeptide Y (NPY),protein,97,UniProt,P01303,Pro-neuropeptide Y [Cleaved into: Neuropeptide Y (Neuropeptide tyrosine) (NPY); C-flanking peptide of NPY (CPON)],UNIPROT_NAME_SCORE_2.000,STRONG_NAME_MATCH_1.000,Kd: 0.37 μM,370,https://doi.org/10.1074/jbc.M109752200,https://pubmed.ncbi.nlm.nih.gov/11756401/,/projects/bentosprg6/linwx/research_project/data/task5/boltz_inputs/task5_0081.yaml
82,task5_0082,UTEXAS_10000368_R390,UTEXAS_10000368,10000368,E2F-E1,RNA,33,E2F transcription factor,protein,396,UniProt,Q9FV70,Transcription factor E2FC (E2F transcription factor-2) (AtE2F2),UNIPROT_NAME_SCORE_2.000,STRONG_NAME_MATCH_1.000,Kd:2–4 nM,2,https://doi.org/10.1006/mthe.2002.0624,https://pubmed.ncbi.nlm.nih.gov/12095300/,/projects/bentosprg6/linwx/research_project/data/task5/boltz_inputs/task5_0082.yaml
83,task5_0083,UTEXAS_10000370_R392,UTEXAS_10000370,10000370,Aptamer 10-10,RNA,122,Guanosine triphosphate (GTP),ligand,,PubChem,135398633,Guanosine triphosphate,PUBCHEM_NAME,PUBCHEM_NAME_WITH_SMILES,Kd: 28 nM,28,https://doi.org/10.1073/pnas.182095699,https://pubmed.ncbi.nlm.nih.gov/12185247/,/projects/bentosprg6/linwx/research_project/data/task5/boltz_inputs/task5_0083.yaml
84,task5_0084,UTEXAS_10000371_R393,UTEXAS_10000371,10000371,Class I,RNA,105,Guanosine triphosphate (GTP),ligand,,PubChem,135398633,Guanosine triphosphate,PUBCHEM_NAME,PUBCHEM_NAME_WITH_SMILES,Kd: 60–300 nM,60,https://doi.org/10.1073/pnas.182095699,https://pubmed.ncbi.nlm.nih.gov/12185247/,/projects/bentosprg6/linwx/research_project/data/task5/boltz_inputs/task5_0084.yaml
85,task5_0085,UTEXAS_10000372_R394,UTEXAS_10000372,10000372,Aptamer 10-59,RNA,106,Guanosine triphosphate (GTP),ligand,,PubChem,135398633,Guanosine triphosphate,PUBCHEM_NAME,PUBCHEM_NAME_WITH_SMILES,Kd: 200 nM,200,https://doi.org/10.1073/pnas.182095699,https://pubmed.ncbi.nlm.nih.gov/12185247/,/projects/bentosprg6/linwx/research_project/data/task5/boltz_inputs/task5_0085.yaml
86,task5_0086,UTEXAS_10000373_R395,UTEXAS_10000373,10000373,Aptamer 9-12,RNA,99,Guanosine triphosphate (GTP),ligand,,PubChem,135398633,Guanosine triphosphate,PUBCHEM_NAME,PUBCHEM_NAME_WITH_SMILES,Kd:  250 nM,250,https://doi.org/10.1073/pnas.182095699,https://pubmed.ncbi.nlm.nih.gov/12185247/,/projects/bentosprg6/linwx/research_project/data/task5/boltz_inputs/task5_0086.yaml
87,task5_0087,UTEXAS_10000374_R396,UTEXAS_10000374,10000374,Aptamer 10-24,RNA,108,Guanosine triphosphate (GTP),ligand,,PubChem,135398633,Guanosine triphosphate,PUBCHEM_NAME,PUBCHEM_NAME_WITH_SMILES,Kd:  250 nM,250,https://doi.org/10.1073/pnas.182095699,https://pubmed.ncbi.nlm.nih.gov/12185247/,/projects/bentosprg6/linwx/research_project/data/task5/boltz_inputs/task5_0087.yaml
88,task5_0088,UTEXAS_10000375_R397,UTEXAS_10000375,10000375,Aptamer 10-6,RNA,129,Guanosine triphosphate (GTP),ligand,,PubChem,135398633,Guanosine triphosphate,PUBCHEM_NAME,PUBCHEM_NAME_WITH_SMILES,Kd: 500 nM,500,https://doi.org/10.1073/pnas.182095699,https://pubmed.ncbi.nlm.nih.gov/12185247/,/projects/bentosprg6/linwx/research_project/data/task5/boltz_inputs/task5_0088.yaml
89,task5_0089,UTEXAS_10000393_R415,UTEXAS_10000393,10000393,T705,RNA,68,"Thrombin, Bovine",protein,625,UniProt,P00735,Prothrombin (EC 3.4.21.5) (Coagulation factor II) [Cleaved into: Activation peptide fragment 1; Activation peptide fragment 2; Thrombin light chain; Thrombin heavy chain],UNIPROT_NAME_SCORE_2.000,STRONG_NAME_MATCH_1.000,Kd: 164 nM,164,https://doi.org/10.1002/jmr.604,https://pubmed.ncbi.nlm.nih.gov/12557236/,/projects/bentosprg6/linwx/research_project/data/task5/boltz_inputs/task5_0089.yaml
90,task5_0090,UTEXAS_10000394_R416,UTEXAS_10000394,10000394,T710,RNA,68,"Thrombin, Bovine",protein,625,UniProt,P00735,Prothrombin (EC 3.4.21.5) (Coagulation factor II) [Cleaved into: Activation peptide fragment 1; Activation peptide fragment 2; Thrombin light chain; Thrombin heavy chain],UNIPROT_NAME_SCORE_2.000,STRONG_NAME_MATCH_1.000,Kd: 240 nM,240,https://doi.org/10.1002/jmr.604,https://pubmed.ncbi.nlm.nih.gov/12557236/,/projects/bentosprg6/linwx/research_project/data/task5/boltz_inputs/task5_0090.yaml
91,task5_0091,UTEXAS_10000419_R445,UTEXAS_10000419,10000419,#7,DNA,77,"Pro‐urokinase (PLAU), Human",protein,431,UniProt,P00749,Urokinase-type plasminogen activator (U-plasminogen activator) (Urokinase) (uPA) (EC 3.4.21.73) [Cleaved into: Urokinase-type plasminogen activator long chain A; Urokinase-type plasminogen activator short chain A; Urokinase-type plasminogen activator chain B],UNIPROT_EXACT_GENE,UNIPROT_EXACT_GENE,Not reported,,https://doi.org/10.1081/NCN-200026037,https://pubmed.ncbi.nlm.nih.gov/15560078/,/projects/bentosprg6/linwx/research_project/data/task5/boltz_inputs/task5_0091.yaml
92,task5_0092,UTEXAS_10000420_R446,UTEXAS_10000420,10000420,#15,DNA,77,"Pro‐urokinase (PLAU), Human",protein,431,UniProt,P00749,Urokinase-type plasminogen activator (U-plasminogen activator) (Urokinase) (uPA) (EC 3.4.21.73) [Cleaved into: Urokinase-type plasminogen activator long chain A; Urokinase-type plasminogen activator short chain A; Urokinase-type plasminogen activator chain B],UNIPROT_EXACT_GENE,UNIPROT_EXACT_GENE,Not reported,,https://doi.org/10.1081/NCN-200026037,https://pubmed.ncbi.nlm.nih.gov/15560078/,/projects/bentosprg6/linwx/research_project/data/task5/boltz_inputs/task5_0092.yaml
93,task5_0093,UTEXAS_10000421_R447,UTEXAS_10000421,10000421,#16,DNA,77,"Pro‐urokinase (PLAU), Human",protein,431,UniProt,P00749,Urokinase-type plasminogen activator (U-plasminogen activator) (Urokinase) (uPA) (EC 3.4.21.73) [Cleaved into: Urokinase-type plasminogen activator long chain A; Urokinase-type plasminogen activator short chain A; Urokinase-type plasminogen activator chain B],UNIPROT_EXACT_GENE,UNIPROT_EXACT_GENE,Not reported,,https://doi.org/10.1081/NCN-200026037,https://pubmed.ncbi.nlm.nih.gov/15560078/,/projects/bentosprg6/linwx/research_project/data/task5/boltz_inputs/task5_0093.yaml
94,task5_0094,UTEXAS_10000422_R448,UTEXAS_10000422,10000422,#17,DNA,77,"Pro‐urokinase (PLAU), Human",protein,431,UniProt,P00749,Urokinase-type plasminogen activator (U-plasminogen activator) (Urokinase) (uPA) (EC 3.4.21.73) [Cleaved into: Urokinase-type plasminogen activator long chain A; Urokinase-type plasminogen activator short chain A; Urokinase-type plasminogen activator chain B],UNIPROT_EXACT_GENE,UNIPROT_EXACT_GENE,Not reported,,https://doi.org/10.1081/NCN-200026037,https://pubmed.ncbi.nlm.nih.gov/15560078/,/projects/bentosprg6/linwx/research_project/data/task5/boltz_inputs/task5_0094.yaml
95,task5_0095,UTEXAS_10000423_R449,UTEXAS_10000423,10000423,#18,DNA,77,"Pro‐urokinase (PLAU), Human",protein,431,UniProt,P00749,Urokinase-type plasminogen activator (U-plasminogen activator) (Urokinase) (uPA) (EC 3.4.21.73) [Cleaved into: Urokinase-type plasminogen activator long chain A; Urokinase-type plasminogen activator short chain A; Urokinase-type plasminogen activator chain B],UNIPROT_EXACT_GENE,UNIPROT_EXACT_GENE,Not reported,,https://doi.org/10.1081/NCN-200026037,https://pubmed.ncbi.nlm.nih.gov/15560078/,/projects/bentosprg6/linwx/research_project/data/task5/boltz_inputs/task5_0095.yaml
96,task5_0096,UTEXAS_10000424_R450,UTEXAS_10000424,10000424,#25,DNA,77,"Pro‐urokinase (PLAU), Human",protein,431,UniProt,P00749,Urokinase-type plasminogen activator (U-plasminogen activator) (Urokinase) (uPA) (EC 3.4.21.73) [Cleaved into: Urokinase-type plasminogen activator long chain A; Urokinase-type plasminogen activator short chain A; Urokinase-type plasminogen activator chain B],UNIPROT_EXACT_GENE,UNIPROT_EXACT_GENE,Not reported,,https://doi.org/10.1081/NCN-200026037,https://pubmed.ncbi.nlm.nih.gov/15560078/,/projects/bentosprg6/linwx/research_project/data/task5/boltz_inputs/task5_0096.yaml
97,task5_0097,UTEXAS_10000425_R451,UTEXAS_10000425,10000425,#26,DNA,77,"Pro‐urokinase (PLAU), Human",protein,431,UniProt,P00749,Urokinase-type plasminogen activator (U-plasminogen activator) (Urokinase) (uPA) (EC 3.4.21.73) [Cleaved into: Urokinase-type plasminogen activator long chain A; Urokinase-type plasminogen activator short chain A; Urokinase-type plasminogen activator chain B],UNIPROT_EXACT_GENE,UNIPROT_EXACT_GENE,Not reported,,https://doi.org/10.1081/NCN-200026037,https://pubmed.ncbi.nlm.nih.gov/15560078/,/projects/bentosprg6/linwx/research_project/data/task5/boltz_inputs/task5_0097.yaml
98,task5_0098,UTEXAS_10000426_R452,UTEXAS_10000426,10000426,#27,DNA,77,"Pro‐urokinase (PLAU), Human",protein,431,UniProt,P00749,Urokinase-type plasminogen activator (U-plasminogen activator) (Urokinase) (uPA) (EC 3.4.21.73) [Cleaved into: Urokinase-type plasminogen activator long chain A; Urokinase-type plasminogen activator short chain A; Urokinase-type plasminogen activator chain B],UNIPROT_EXACT_GENE,UNIPROT_EXACT_GENE,Not reported,,https://doi.org/10.1081/NCN-200026037,https://pubmed.ncbi.nlm.nih.gov/15560078/,/projects/bentosprg6/linwx/research_project/data/task5/boltz_inputs/task5_0098.yaml
99,task5_0099,UTEXAS_10000427_R453,UTEXAS_10000427,10000427,#28,DNA,77,"Pro‐urokinase (PLAU), Human",protein,431,UniProt,P00749,Urokinase-type plasminogen activator (U-plasminogen activator) (Urokinase) (uPA) (EC 3.4.21.73) [Cleaved into: Urokinase-type plasminogen activator long chain A; Urokinase-type plasminogen activator short chain A; Urokinase-type plasminogen activator chain B],UNIPROT_EXACT_GENE,UNIPROT_EXACT_GENE,Not reported,,https://doi.org/10.1081/NCN-200026037,https://pubmed.ncbi.nlm.nih.gov/15560078/,/projects/bentosprg6/linwx/research_project/data/task5/boltz_inputs/task5_0099.yaml
100,task5_0100,UTEXAS_10000428_R454,UTEXAS_10000428,10000428,#31,DNA,77,"Pro‐urokinase (PLAU), Human",protein,431,UniProt,P00749,Urokinase-type plasminogen activator (U-plasminogen activator) (Urokinase) (uPA) (EC 3.4.21.73) [Cleaved into: Urokinase-type plasminogen activator long chain A; Urokinase-type plasminogen activator short chain A; Urokinase-type plasminogen activator chain B],UNIPROT_EXACT_GENE,UNIPROT_EXACT_GENE,Not reported,,https://doi.org/10.1081/NCN-200026037,https://pubmed.ncbi.nlm.nih.gov/15560078/,/projects/bentosprg6/linwx/research_project/data/task5/boltz_inputs/task5_0100.yaml
101,task5_0101,UTEXAS_10000429_R455,UTEXAS_10000429,10000429,#32,DNA,77,"Pro‐urokinase (PLAU), Human",protein,431,UniProt,P00749,Urokinase-type plasminogen activator (U-plasminogen activator) (Urokinase) (uPA) (EC 3.4.21.73) [Cleaved into: Urokinase-type plasminogen activator long chain A; Urokinase-type plasminogen activator short chain A; Urokinase-type plasminogen activator chain B],UNIPROT_EXACT_GENE,UNIPROT_EXACT_GENE,Not reported,,https://doi.org/10.1081/NCN-200026037,https://pubmed.ncbi.nlm.nih.gov/15560078/,/projects/bentosprg6/linwx/research_project/data/task5/boltz_inputs/task5_0101.yaml
102,task5_0102,UTEXAS_10000430_R456,UTEXAS_10000430,10000430,M1,RNA,87,"4,4′-methylenedianiline (MDA)",ligand,,PubChem,7577,"4,4′-methylenedianiline",PUBCHEM_NAME,PUBCHEM_NAME_WITH_SMILES,Kd: 0.45 μM,450,https://doi.org/10.1016/j.bbrc.2003.12.030,https://pubmed.ncbi.nlm.nih.gov/14706642/,/projects/bentosprg6/linwx/research_project/data/task5/boltz_inputs/task5_0102.yaml
103,task5_0103,UTEXAS_10000431_R457,UTEXAS_10000431,10000431,M3,RNA,87,"4,4′-methylenedianiline (MDA)",ligand,,PubChem,7577,"4,4′-methylenedianiline",PUBCHEM_NAME,PUBCHEM_NAME_WITH_SMILES,Kd: 2 μM,2000,https://doi.org/10.1016/j.bbrc.2003.12.030,https://pubmed.ncbi.nlm.nih.gov/14706642/,/projects/bentosprg6/linwx/research_project/data/task5/boltz_inputs/task5_0103.yaml
104,task5_0104,UTEXAS_10000432_R458,UTEXAS_10000432,10000432,M22,RNA,87,"4,4′-methylenedianiline (MDA)",ligand,,PubChem,7577,"4,4′-methylenedianiline",PUBCHEM_NAME,PUBCHEM_NAME_WITH_SMILES,Kd: 12 μM,12000,https://doi.org/10.1016/j.bbrc.2003.12.030,https://pubmed.ncbi.nlm.nih.gov/14706642/,/projects/bentosprg6/linwx/research_project/data/task5/boltz_inputs/task5_0104.yaml
105,task5_0105,UTEXAS_10000433_R459,UTEXAS_10000433,10000433,SL-1,DNA,102,Sialyllactose,ligand,,PubChem,123914,Sialyllactose,PUBCHEM_NAME,PUBCHEM_NAME_WITH_SMILES,Not reported,,https://doi.org/10.1016/j.bmc.2003.12.009,https://pubmed.ncbi.nlm.nih.gov/14980623/,/projects/bentosprg6/linwx/research_project/data/task5/boltz_inputs/task5_0105.yaml
106,task5_0106,UTEXAS_10000434_R460,UTEXAS_10000434,10000434,SL-2,DNA,102,Sialyllactose,ligand,,PubChem,123914,Sialyllactose,PUBCHEM_NAME,PUBCHEM_NAME_WITH_SMILES,Not reported,,https://doi.org/10.1016/j.bmc.2003.12.009,https://pubmed.ncbi.nlm.nih.gov/14980623/,/projects/bentosprg6/linwx/research_project/data/task5/boltz_inputs/task5_0106.yaml
107,task5_0107,UTEXAS_10000435_R461,UTEXAS_10000435,10000435,SL-3,DNA,102,Sialyllactose,ligand,,PubChem,123914,Sialyllactose,PUBCHEM_NAME,PUBCHEM_NAME_WITH_SMILES,Not reported,,https://doi.org/10.1016/j.bmc.2003.12.009,https://pubmed.ncbi.nlm.nih.gov/14980623/,/projects/bentosprg6/linwx/research_project/data/task5/boltz_inputs/task5_0107.yaml
108,task5_0108,UTEXAS_10000436_R462,UTEXAS_10000436,10000436,SL-4,DNA,102,Sialyllactose,ligand,,PubChem,123914,Sialyllactose,PUBCHEM_NAME,PUBCHEM_NAME_WITH_SMILES,Not reported,,https://doi.org/10.1016/j.bmc.2003.12.009,https://pubmed.ncbi.nlm.nih.gov/14980623/,/projects/bentosprg6/linwx/research_project/data/task5/boltz_inputs/task5_0108.yaml
109,task5_0109,UTEXAS_10000437_R463,UTEXAS_10000437,10000437,SL-5,DNA,102,Sialyllactose,ligand,,PubChem,123914,Sialyllactose,PUBCHEM_NAME,PUBCHEM_NAME_WITH_SMILES,Not reported,,https://doi.org/10.1016/j.bmc.2003.12.009,https://pubmed.ncbi.nlm.nih.gov/14980623/,/projects/bentosprg6/linwx/research_project/data/task5/boltz_inputs/task5_0109.yaml
110,task5_0110,UTEXAS_10000438_R464,UTEXAS_10000438,10000438,SL-6,DNA,103,Sialyllactose,ligand,,PubChem,123914,Sialyllactose,PUBCHEM_NAME,PUBCHEM_NAME_WITH_SMILES,Not reported,,https://doi.org/10.1016/j.bmc.2003.12.009,https://pubmed.ncbi.nlm.nih.gov/14980623/,/projects/bentosprg6/linwx/research_project/data/task5/boltz_inputs/task5_0110.yaml
111,task5_0111,UTEXAS_10000439_R465,UTEXAS_10000439,10000439,SL-7,DNA,102,Sialyllactose,ligand,,PubChem,123914,Sialyllactose,PUBCHEM_NAME,PUBCHEM_NAME_WITH_SMILES,Not reported,,https://doi.org/10.1016/j.bmc.2003.12.009,https://pubmed.ncbi.nlm.nih.gov/14980623/,/projects/bentosprg6/linwx/research_project/data/task5/boltz_inputs/task5_0111.yaml
112,task5_0112,UTEXAS_10000440_R466,UTEXAS_10000440,10000440,SL-8,DNA,102,Sialyllactose,ligand,,PubChem,123914,Sialyllactose,PUBCHEM_NAME,PUBCHEM_NAME_WITH_SMILES,Not reported,,https://doi.org/10.1016/j.bmc.2003.12.009,https://pubmed.ncbi.nlm.nih.gov/14980623/,/projects/bentosprg6/linwx/research_project/data/task5/boltz_inputs/task5_0112.yaml
113,task5_0113,UTEXAS_10000441_R467,UTEXAS_10000441,10000441,SL-9,DNA,103,Sialyllactose,ligand,,PubChem,123914,Sialyllactose,PUBCHEM_NAME,PUBCHEM_NAME_WITH_SMILES,Not reported,,https://doi.org/10.1016/j.bmc.2003.12.009,https://pubmed.ncbi.nlm.nih.gov/14980623/,/projects/bentosprg6/linwx/research_project/data/task5/boltz_inputs/task5_0113.yaml
114,task5_0114,UTEXAS_10000442_R468,UTEXAS_10000442,10000442,SL-10,DNA,102,Sialyllactose,ligand,,PubChem,123914,Sialyllactose,PUBCHEM_NAME,PUBCHEM_NAME_WITH_SMILES,Not reported,,https://doi.org/10.1016/j.bmc.2003.12.009,https://pubmed.ncbi.nlm.nih.gov/14980623/,/projects/bentosprg6/linwx/research_project/data/task5/boltz_inputs/task5_0114.yaml
115,task5_0115,UTEXAS_10000443_R469,UTEXAS_10000443,10000443,SL-11,DNA,102,Sialyllactose,ligand,,PubChem,123914,Sialyllactose,PUBCHEM_NAME,PUBCHEM_NAME_WITH_SMILES,Kd: 4.9 μM,4900,https://doi.org/10.1016/j.bmc.2003.12.009,https://pubmed.ncbi.nlm.nih.gov/14980623/,/projects/bentosprg6/linwx/research_project/data/task5/boltz_inputs/task5_0115.yaml
116,task5_0116,UTEXAS_10000444_R470,UTEXAS_10000444,10000444,SL-12,DNA,103,Sialyllactose,ligand,,PubChem,123914,Sialyllactose,PUBCHEM_NAME,PUBCHEM_NAME_WITH_SMILES,Not reported,,https://doi.org/10.1016/j.bmc.2003.12.009,https://pubmed.ncbi.nlm.nih.gov/14980623/,/projects/bentosprg6/linwx/research_project/data/task5/boltz_inputs/task5_0116.yaml
117,task5_0117,UTEXAS_10000445_R471,UTEXAS_10000445,10000445,SL-13,DNA,103,Sialyllactose,ligand,,PubChem,123914,Sialyllactose,PUBCHEM_NAME,PUBCHEM_NAME_WITH_SMILES,Not reported,,https://doi.org/10.1016/j.bmc.2003.12.009,https://pubmed.ncbi.nlm.nih.gov/14980623/,/projects/bentosprg6/linwx/research_project/data/task5/boltz_inputs/task5_0117.yaml
118,task5_0118,UTEXAS_10000446_R472,UTEXAS_10000446,10000446,SL-14,DNA,103,Sialyllactose,ligand,,PubChem,123914,Sialyllactose,PUBCHEM_NAME,PUBCHEM_NAME_WITH_SMILES,Not reported,,https://doi.org/10.1016/j.bmc.2003.12.009,https://pubmed.ncbi.nlm.nih.gov/14980623/,/projects/bentosprg6/linwx/research_project/data/task5/boltz_inputs/task5_0118.yaml
119,task5_0119,UTEXAS_10000447_R473,UTEXAS_10000447,10000447,SL-15,DNA,80,Sialyllactose,ligand,,PubChem,123914,Sialyllactose,PUBCHEM_NAME,PUBCHEM_NAME_WITH_SMILES,Not reported,,https://doi.org/10.1016/j.bmc.2003.12.009,https://pubmed.ncbi.nlm.nih.gov/14980623/,/projects/bentosprg6/linwx/research_project/data/task5/boltz_inputs/task5_0119.yaml
120,task5_0120,UTEXAS_10000448_R474,UTEXAS_10000448,10000448,SL-16,DNA,78,Sialyllactose,ligand,,PubChem,123914,Sialyllactose,PUBCHEM_NAME,PUBCHEM_NAME_WITH_SMILES,Not reported,,https://doi.org/10.1016/j.bmc.2003.12.009,https://pubmed.ncbi.nlm.nih.gov/14980623/,/projects/bentosprg6/linwx/research_project/data/task5/boltz_inputs/task5_0120.yaml
121,task5_0121,UTEXAS_10000449_R475,UTEXAS_10000449,10000449,SL-17,DNA,81,Sialyllactose,ligand,,PubChem,123914,Sialyllactose,PUBCHEM_NAME,PUBCHEM_NAME_WITH_SMILES,Not reported,,https://doi.org/10.1016/j.bmc.2003.12.009,https://pubmed.ncbi.nlm.nih.gov/14980623/,/projects/bentosprg6/linwx/research_project/data/task5/boltz_inputs/task5_0121.yaml
122,task5_0122,UTEXAS_10000450_R476,UTEXAS_10000450,10000450,SL-18,DNA,81,Sialyllactose,ligand,,PubChem,123914,Sialyllactose,PUBCHEM_NAME,PUBCHEM_NAME_WITH_SMILES,Not reported,,https://doi.org/10.1016/j.bmc.2003.12.009,https://pubmed.ncbi.nlm.nih.gov/14980623/,/projects/bentosprg6/linwx/research_project/data/task5/boltz_inputs/task5_0122.yaml
123,task5_0123,UTEXAS_10000472_R498,UTEXAS_10000472,10000472,apt1,RNA,69,"Receptor activator of NF-kappaB (RANK), Human",protein,616,UniProt,Q9Y6Q6,Tumor necrosis factor receptor superfamily member 11A (Osteoclast differentiation factor receptor) (ODFR) (Receptor activator of NF-KB) (CD antigen CD265),UNIPROT_EXACT_GENE,UNIPROT_EXACT_GENE,Kd: 0.33 uM,330,https://doi.org/10.1093/nar/gkh949,https://pubmed.ncbi.nlm.nih.gov/15562003/,/projects/bentosprg6/linwx/research_project/data/task5/boltz_inputs/task5_0123.yaml
124,task5_0124,UTEXAS_10000473_R499,UTEXAS_10000473,10000473,apt2,RNA,70,"Receptor activator of NF-kappaB (RANK), Human",protein,616,UniProt,Q9Y6Q6,Tumor necrosis factor receptor superfamily member 11A (Osteoclast differentiation factor receptor) (ODFR) (Receptor activator of NF-KB) (CD antigen CD265),UNIPROT_EXACT_GENE,UNIPROT_EXACT_GENE,Kd: 1.8 uM,1800,https://doi.org/10.1093/nar/gkh949,https://pubmed.ncbi.nlm.nih.gov/15562003/,/projects/bentosprg6/linwx/research_project/data/task5/boltz_inputs/task5_0124.yaml
125,task5_0125,UTEXAS_10000474_R500,UTEXAS_10000474,10000474,apt3,RNA,69,"Receptor activator of NF-kappaB (RANK), Human",protein,616,UniProt,Q9Y6Q6,Tumor necrosis factor receptor superfamily member 11A (Osteoclast differentiation factor receptor) (ODFR) (Receptor activator of NF-KB) (CD antigen CD265),UNIPROT_EXACT_GENE,UNIPROT_EXACT_GENE,Kd: 5.8 uM,5800,https://doi.org/10.1093/nar/gkh949,https://pubmed.ncbi.nlm.nih.gov/15562003/,/projects/bentosprg6/linwx/research_project/data/task5/boltz_inputs/task5_0125.yaml
126,task5_0126,UTEXAS_10000475_R501,UTEXAS_10000475,10000475,3.1,RNA,71,"Tumor necrosis factor alpha (hTNFα), Human",protein,343,UniProt,Q9BXJ8,Transmembrane protein 120A (Protein TACAN) (Transmembrane protein induced by tumor necrosis factor alpha),UNIPROT_NAME_SCORE_2.000,STRONG_NAME_MATCH_0.800,Not reported,,https://doi.org/10.1016/s1672-0229(04)02005-4,https://pubmed.ncbi.nlm.nih.gov/15629041/,/projects/bentosprg6/linwx/research_project/data/task5/boltz_inputs/task5_0126.yaml
127,task5_0127,UTEXAS_10000476_R502,UTEXAS_10000476,10000476,7.5,RNA,71,"Tumor necrosis factor alpha (hTNFα), Human",protein,343,UniProt,Q9BXJ8,Transmembrane protein 120A (Protein TACAN) (Transmembrane protein induced by tumor necrosis factor alpha),UNIPROT_NAME_SCORE_2.000,STRONG_NAME_MATCH_0.800,Not reported,,https://doi.org/10.1016/s1672-0229(04)02005-4,https://pubmed.ncbi.nlm.nih.gov/15629041/,/projects/bentosprg6/linwx/research_project/data/task5/boltz_inputs/task5_0127.yaml
128,task5_0128,UTEXAS_10000477_R503,UTEXAS_10000477,10000477,12,RNA,71,"Tumor necrosis factor alpha (hTNFα), Human",protein,343,UniProt,Q9BXJ8,Transmembrane protein 120A (Protein TACAN) (Transmembrane protein induced by tumor necrosis factor alpha),UNIPROT_NAME_SCORE_2.000,STRONG_NAME_MATCH_0.800,Not reported,,https://doi.org/10.1016/s1672-0229(04)02005-4,https://pubmed.ncbi.nlm.nih.gov/15629041/,/projects/bentosprg6/linwx/research_project/data/task5/boltz_inputs/task5_0128.yaml
129,task5_0129,UTEXAS_10000478_R504,UTEXAS_10000478,10000478,14.8,RNA,71,"Tumor necrosis factor alpha (hTNFα), Human",protein,343,UniProt,Q9BXJ8,Transmembrane protein 120A (Protein TACAN) (Transmembrane protein induced by tumor necrosis factor alpha),UNIPROT_NAME_SCORE_2.000,STRONG_NAME_MATCH_0.800,Not reported,,https://doi.org/10.1016/s1672-0229(04)02005-4,https://pubmed.ncbi.nlm.nih.gov/15629041/,/projects/bentosprg6/linwx/research_project/data/task5/boltz_inputs/task5_0129.yaml
130,task5_0130,UTEXAS_10000479_R505,UTEXAS_10000479,10000479,16.3,RNA,71,"Tumor necrosis factor alpha (hTNFα), Human",protein,343,UniProt,Q9BXJ8,Transmembrane protein 120A (Protein TACAN) (Transmembrane protein induced by tumor necrosis factor alpha),UNIPROT_NAME_SCORE_2.000,STRONG_NAME_MATCH_0.800,Not reported,,https://doi.org/10.1016/s1672-0229(04)02005-4,https://pubmed.ncbi.nlm.nih.gov/15629041/,/projects/bentosprg6/linwx/research_project/data/task5/boltz_inputs/task5_0130.yaml
131,task5_0131,UTEXAS_10000480_R506,UTEXAS_10000480,10000480,18.1,RNA,71,"Tumor necrosis factor alpha (hTNFα), Human",protein,343,UniProt,Q9BXJ8,Transmembrane protein 120A (Protein TACAN) (Transmembrane protein induced by tumor necrosis factor alpha),UNIPROT_NAME_SCORE_2.000,STRONG_NAME_MATCH_0.800,Not reported,,https://doi.org/10.1016/s1672-0229(04)02005-4,https://pubmed.ncbi.nlm.nih.gov/15629041/,/projects/bentosprg6/linwx/research_project/data/task5/boltz_inputs/task5_0131.yaml
132,task5_0132,UTEXAS_10000481_R507,UTEXAS_10000481,10000481,1,RNA,71,"Tumor necrosis factor alpha (hTNFα), Human",protein,343,UniProt,Q9BXJ8,Transmembrane protein 120A (Protein TACAN) (Transmembrane protein induced by tumor necrosis factor alpha),UNIPROT_NAME_SCORE_2.000,STRONG_NAME_MATCH_0.800,Not reported,,https://doi.org/10.1016/s1672-0229(04)02005-4,https://pubmed.ncbi.nlm.nih.gov/15629041/,/projects/bentosprg6/linwx/research_project/data/task5/boltz_inputs/task5_0132.yaml
133,task5_0133,UTEXAS_10000482_R508,UTEXAS_10000482,10000482,2,RNA,71,"Tumor necrosis factor alpha (hTNFα), Human",protein,343,UniProt,Q9BXJ8,Transmembrane protein 120A (Protein TACAN) (Transmembrane protein induced by tumor necrosis factor alpha),UNIPROT_NAME_SCORE_2.000,STRONG_NAME_MATCH_0.800,Not reported,,https://doi.org/10.1016/s1672-0229(04)02005-4,https://pubmed.ncbi.nlm.nih.gov/15629041/,/projects/bentosprg6/linwx/research_project/data/task5/boltz_inputs/task5_0133.yaml
134,task5_0134,UTEXAS_10000483_R509,UTEXAS_10000483,10000483,4,RNA,71,"Tumor necrosis factor alpha (hTNFα), Human",protein,343,UniProt,Q9BXJ8,Transmembrane protein 120A (Protein TACAN) (Transmembrane protein induced by tumor necrosis factor alpha),UNIPROT_NAME_SCORE_2.000,STRONG_NAME_MATCH_0.800,Not reported,,https://doi.org/10.1016/s1672-0229(04)02005-4,https://pubmed.ncbi.nlm.nih.gov/15629041/,/projects/bentosprg6/linwx/research_project/data/task5/boltz_inputs/task5_0134.yaml
135,task5_0135,UTEXAS_10000484_R510,UTEXAS_10000484,10000484,6,RNA,71,"Tumor necrosis factor alpha (hTNFα), Human",protein,343,UniProt,Q9BXJ8,Transmembrane protein 120A (Protein TACAN) (Transmembrane protein induced by tumor necrosis factor alpha),UNIPROT_NAME_SCORE_2.000,STRONG_NAME_MATCH_0.800,Not reported,,https://doi.org/10.1016/s1672-0229(04)02005-4,https://pubmed.ncbi.nlm.nih.gov/15629041/,/projects/bentosprg6/linwx/research_project/data/task5/boltz_inputs/task5_0135.yaml
136,task5_0136,UTEXAS_10000485_R511,UTEXAS_10000485,10000485,8.6,RNA,71,"Tumor necrosis factor alpha (hTNFα), Human",protein,343,UniProt,Q9BXJ8,Transmembrane protein 120A (Protein TACAN) (Transmembrane protein induced by tumor necrosis factor alpha),UNIPROT_NAME_SCORE_2.000,STRONG_NAME_MATCH_0.800,Not reported,,https://doi.org/10.1016/s1672-0229(04)02005-4,https://pubmed.ncbi.nlm.nih.gov/15629041/,/projects/bentosprg6/linwx/research_project/data/task5/boltz_inputs/task5_0136.yaml
137,task5_0137,UTEXAS_10000486_R512,UTEXAS_10000486,10000486,9,RNA,71,"Tumor necrosis factor alpha (hTNFα), Human",protein,343,UniProt,Q9BXJ8,Transmembrane protein 120A (Protein TACAN) (Transmembrane protein induced by tumor necrosis factor alpha),UNIPROT_NAME_SCORE_2.000,STRONG_NAME_MATCH_0.800,Not reported,,https://doi.org/10.1016/s1672-0229(04)02005-4,https://pubmed.ncbi.nlm.nih.gov/15629041/,/projects/bentosprg6/linwx/research_project/data/task5/boltz_inputs/task5_0137.yaml
138,task5_0138,UTEXAS_10000487_R513,UTEXAS_10000487,10000487,10,RNA,71,"Tumor necrosis factor alpha (hTNFα), Human",protein,343,UniProt,Q9BXJ8,Transmembrane protein 120A (Protein TACAN) (Transmembrane protein induced by tumor necrosis factor alpha),UNIPROT_NAME_SCORE_2.000,STRONG_NAME_MATCH_0.800,Not reported,,https://doi.org/10.1016/s1672-0229(04)02005-4,https://pubmed.ncbi.nlm.nih.gov/15629041/,/projects/bentosprg6/linwx/research_project/data/task5/boltz_inputs/task5_0138.yaml
139,task5_0139,UTEXAS_10000488_R514,UTEXAS_10000488,10000488,11.7,RNA,71,"Tumor necrosis factor alpha (hTNFα), Human",protein,343,UniProt,Q9BXJ8,Transmembrane protein 120A (Protein TACAN) (Transmembrane protein induced by tumor necrosis factor alpha),UNIPROT_NAME_SCORE_2.000,STRONG_NAME_MATCH_0.800,Not reported,,https://doi.org/10.1016/s1672-0229(04)02005-4,https://pubmed.ncbi.nlm.nih.gov/15629041/,/projects/bentosprg6/linwx/research_project/data/task5/boltz_inputs/task5_0139.yaml
140,task5_0140,UTEXAS_10000489_R515,UTEXAS_10000489,10000489,13.2,RNA,71,"Tumor necrosis factor alpha (hTNFα), Human",protein,343,UniProt,Q9BXJ8,Transmembrane protein 120A (Protein TACAN) (Transmembrane protein induced by tumor necrosis factor alpha),UNIPROT_NAME_SCORE_2.000,STRONG_NAME_MATCH_0.800,Not reported,,https://doi.org/10.1016/s1672-0229(04)02005-4,https://pubmed.ncbi.nlm.nih.gov/15629041/,/projects/bentosprg6/linwx/research_project/data/task5/boltz_inputs/task5_0140.yaml
141,task5_0141,UTEXAS_10000490_R516,UTEXAS_10000490,10000490,17.9,RNA,71,"Tumor necrosis factor alpha (hTNFα), Human",protein,343,UniProt,Q9BXJ8,Transmembrane protein 120A (Protein TACAN) (Transmembrane protein induced by tumor necrosis factor alpha),UNIPROT_NAME_SCORE_2.000,STRONG_NAME_MATCH_0.800,Not reported,,https://doi.org/10.1016/s1672-0229(04)02005-4,https://pubmed.ncbi.nlm.nih.gov/15629041/,/projects/bentosprg6/linwx/research_project/data/task5/boltz_inputs/task5_0141.yaml
142,task5_0142,UTEXAS_10000491_R517,UTEXAS_10000491,10000491,20.4,RNA,71,"Tumor necrosis factor alpha (hTNFα), Human",protein,343,UniProt,Q9BXJ8,Transmembrane protein 120A (Protein TACAN) (Transmembrane protein induced by tumor necrosis factor alpha),UNIPROT_NAME_SCORE_2.000,STRONG_NAME_MATCH_0.800,Not reported,,https://doi.org/10.1016/s1672-0229(04)02005-4,https://pubmed.ncbi.nlm.nih.gov/15629041/,/projects/bentosprg6/linwx/research_project/data/task5/boltz_inputs/task5_0142.yaml
143,task5_0143,UTEXAS_10000492_R518,UTEXAS_10000492,10000492,15,RNA,71,"Tumor necrosis factor alpha (hTNFα), Human",protein,343,UniProt,Q9BXJ8,Transmembrane protein 120A (Protein TACAN) (Transmembrane protein induced by tumor necrosis factor alpha),UNIPROT_NAME_SCORE_2.000,STRONG_NAME_MATCH_0.800,Not reported,,https://doi.org/10.1016/s1672-0229(04)02005-4,https://pubmed.ncbi.nlm.nih.gov/15629041/,/projects/bentosprg6/linwx/research_project/data/task5/boltz_inputs/task5_0143.yaml
144,task5_0144,UTEXAS_10000530_R556,UTEXAS_10000530,10000530,Aptamer 1,DNA,86,Fibronectin,ligand,,PubChem,13085557,Fibronectin,PUBCHEM_NAME,PUBCHEM_NAME_WITH_SMILES,Not reported,,https://doi.org/10.1016/j.bmcl.2004.05.042,https://pubmed.ncbi.nlm.nih.gov/15225715/,/projects/bentosprg6/linwx/research_project/data/task5/boltz_inputs/task5_0144.yaml
145,task5_0145,UTEXAS_10000531_R557,UTEXAS_10000531,10000531,Aptamer 2,DNA,86,Fibronectin,ligand,,PubChem,13085557,Fibronectin,PUBCHEM_NAME,PUBCHEM_NAME_WITH_SMILES,Not reported,,https://doi.org/10.1016/j.bmcl.2004.05.042,https://pubmed.ncbi.nlm.nih.gov/15225715/,/projects/bentosprg6/linwx/research_project/data/task5/boltz_inputs/task5_0145.yaml
146,task5_0146,UTEXAS_10000541_R570,UTEXAS_10000541,10000541,Apt- 14.3,DNA,96,Ethanolamine,ligand,,PubChem,700,Ethanolamine,PUBCHEM_NAME,PUBCHEM_NAME_WITH_SMILES,Kd: 6 ± 3 nM,6,http://doi.org/10.1016/j.bbrc.2005.10.172,https://pubmed.ncbi.nlm.nih.gov/16289104/,/projects/bentosprg6/linwx/research_project/data/task5/boltz_inputs/task5_0146.yaml
147,task5_0147,UTEXAS_10000542_R571,UTEXAS_10000542,10000542,Apt- 11.4,DNA,96,Ethanolamine,ligand,,PubChem,700,Ethanolamine,PUBCHEM_NAME,PUBCHEM_NAME_WITH_SMILES,Kd: 9 ± 5 nM,9,http://doi.org/10.1016/j.bbrc.2005.10.172,https://pubmed.ncbi.nlm.nih.gov/16289104/,/projects/bentosprg6/linwx/research_project/data/task5/boltz_inputs/task5_0147.yaml
148,task5_0148,UTEXAS_10000543_R572,UTEXAS_10000543,10000543,Apt- 2.3,DNA,96,Ethanolamine,ligand,,PubChem,700,Ethanolamine,PUBCHEM_NAME,PUBCHEM_NAME_WITH_SMILES,Kd: 17 ± 4 nM,17,http://doi.org/10.1016/j.bbrc.2005.10.172,https://pubmed.ncbi.nlm.nih.gov/16289104/,/projects/bentosprg6/linwx/research_project/data/task5/boltz_inputs/task5_0148.yaml
149,task5_0149,UTEXAS_10000544_R573,UTEXAS_10000544,10000544,Apt- 9.6,DNA,96,Ethanolamine,ligand,,PubChem,700,Ethanolamine,PUBCHEM_NAME,PUBCHEM_NAME_WITH_SMILES,Kd: 15 ± 4 nM,15,http://doi.org/10.1016/j.bbrc.2005.10.172,https://pubmed.ncbi.nlm.nih.gov/16289104/,/projects/bentosprg6/linwx/research_project/data/task5/boltz_inputs/task5_0149.yaml
150,task5_0150,UTEXAS_10000545_R574,UTEXAS_10000545,10000545,Apt- 9.4,DNA,96,Ethanolamine,ligand,,PubChem,700,Ethanolamine,PUBCHEM_NAME,PUBCHEM_NAME_WITH_SMILES,Kd: 10 ± 2 nM,10,http://doi.org/10.1016/j.bbrc.2005.10.172,https://pubmed.ncbi.nlm.nih.gov/16289104/,/projects/bentosprg6/linwx/research_project/data/task5/boltz_inputs/task5_0150.yaml
151,task5_0151,UTEXAS_10000546_R575,UTEXAS_10000546,10000546,Apt- 9.1,DNA,96,Ethanolamine,ligand,,PubChem,700,Ethanolamine,PUBCHEM_NAME,PUBCHEM_NAME_WITH_SMILES,Kd: 19 ± 7 nM,19,http://doi.org/10.1016/j.bbrc.2005.10.172,https://pubmed.ncbi.nlm.nih.gov/16289104/,/projects/bentosprg6/linwx/research_project/data/task5/boltz_inputs/task5_0151.yaml
152,task5_0152,UTEXAS_10000573_R602,UTEXAS_10000573,10000573,ARC224,RNA,90,Vascular endothelial growth factor (VEGF),protein,419,UniProt,P49767,Vascular endothelial growth factor C (VEGF-C) (Flt4 ligand) (Flt4-L) (Vascular endothelial growth factor-related protein) (VRP),UNIPROT_NAME_SCORE_2.000,STRONG_NAME_MATCH_1.000,Kd: 3.9 nM,3.9,http://doi.org/10.1016/j.chembiol.2004.10.017,https://pubmed.ncbi.nlm.nih.gov/15664512/,/projects/bentosprg6/linwx/research_project/data/task5/boltz_inputs/task5_0152.yaml
153,task5_0153,UTEXAS_10000577_R606,UTEXAS_10000577,10000577,I-26,DNA,96,Streptavidin,protein,183,UniProt,P22629,Streptavidin,UNIPROT_NAME_SCORE_2.000,STRONG_NAME_MATCH_1.000,Kd: 85.2 ± 5.3 nM,85.2,http://doi.org/10.1007/s00216-005-3388-9,https://pubmed.ncbi.nlm.nih.gov/16052344/,/projects/bentosprg6/linwx/research_project/data/task5/boltz_inputs/task5_0153.yaml
154,task5_0154,UTEXAS_10000578_R607,UTEXAS_10000578,10000578,II-31,DNA,96,Streptavidin,protein,183,UniProt,P22629,Streptavidin,UNIPROT_NAME_SCORE_2.000,STRONG_NAME_MATCH_1.000,Kd: 56.7 ± 8.2 nM,56.7,http://doi.org/10.1007/s00216-005-3388-9,https://pubmed.ncbi.nlm.nih.gov/16052344/,/projects/bentosprg6/linwx/research_project/data/task5/boltz_inputs/task5_0154.yaml
155,task5_0155,UTEXAS_10000579_R608,UTEXAS_10000579,10000579,III-30,DNA,94,Streptavidin,protein,183,UniProt,P22629,Streptavidin,UNIPROT_NAME_SCORE_2.000,STRONG_NAME_MATCH_1.000,Kd: 65.5 ± 8.6 nM,65.5,http://doi.org/10.1007/s00216-005-3388-9,https://pubmed.ncbi.nlm.nih.gov/16052344/,/projects/bentosprg6/linwx/research_project/data/task5/boltz_inputs/task5_0155.yaml
156,task5_0156,UTEXAS_10000580_R609,UTEXAS_10000580,10000580,IV-33,DNA,95,Streptavidin,protein,183,UniProt,P22629,Streptavidin,UNIPROT_NAME_SCORE_2.000,STRONG_NAME_MATCH_1.000,Kd: 59.0 ± 7.5,59,http://doi.org/10.1007/s00216-005-3388-9,https://pubmed.ncbi.nlm.nih.gov/16052344/,/projects/bentosprg6/linwx/research_project/data/task5/boltz_inputs/task5_0156.yaml
157,task5_0157,UTEXAS_10000581_R610,UTEXAS_10000581,10000581,V-2,DNA,96,Streptavidin,protein,183,UniProt,P22629,Streptavidin,UNIPROT_NAME_SCORE_2.000,STRONG_NAME_MATCH_1.000,Not reported,,http://doi.org/10.1007/s00216-005-3388-9,https://pubmed.ncbi.nlm.nih.gov/16052344/,/projects/bentosprg6/linwx/research_project/data/task5/boltz_inputs/task5_0157.yaml
158,task5_0158,UTEXAS_10000582_R611,UTEXAS_10000582,10000582,F38,RNA,75,RNA-dependent RNA polymerase (3Dpol),protein,1215,UniProt,O14227,RNA-dependent RNA polymerase 1 (Protein rdp1) (EC 2.7.7.48),UNIPROT_NAME_SCORE_2.000,STRONG_NAME_MATCH_0.750,Kd: 460 nM,460,https://doi.org/10.1261%2Frna.161006,https://pubmed.ncbi.nlm.nih.gov/17018573/,/projects/bentosprg6/linwx/research_project/data/task5/boltz_inputs/task5_0158.yaml
159,task5_0159,UTEXAS_10000583_R612,UTEXAS_10000583,10000583,F47,RNA,80,RNA-dependent RNA polymerase (3Dpol),protein,1215,UniProt,O14227,RNA-dependent RNA polymerase 1 (Protein rdp1) (EC 2.7.7.48),UNIPROT_NAME_SCORE_2.000,STRONG_NAME_MATCH_0.750,Kd: 375 ± 46 nM,375,https://doi.org/10.1261%2Frna.161006,https://pubmed.ncbi.nlm.nih.gov/17018573/,/projects/bentosprg6/linwx/research_project/data/task5/boltz_inputs/task5_0159.yaml
160,task5_0160,UTEXAS_10000584_R613,UTEXAS_10000584,10000584,F52,RNA,79,RNA-dependent RNA polymerase (3Dpol),protein,1215,UniProt,O14227,RNA-dependent RNA polymerase 1 (Protein rdp1) (EC 2.7.7.48),UNIPROT_NAME_SCORE_2.000,STRONG_NAME_MATCH_0.750,Kd: 625 nM,625,https://doi.org/10.1261%2Frna.161006,https://pubmed.ncbi.nlm.nih.gov/17018573/,/projects/bentosprg6/linwx/research_project/data/task5/boltz_inputs/task5_0160.yaml
161,task5_0161,UTEXAS_10000585_R614,UTEXAS_10000585,10000585,F47tr,RNA,32,RNA-dependent RNA polymerase (3Dpol),protein,1215,UniProt,O14227,RNA-dependent RNA polymerase 1 (Protein rdp1) (EC 2.7.7.48),UNIPROT_NAME_SCORE_2.000,STRONG_NAME_MATCH_0.750,Kd: 325,325,https://doi.org/10.1261%2Frna.161006,https://pubmed.ncbi.nlm.nih.gov/17018573/,/projects/bentosprg6/linwx/research_project/data/task5/boltz_inputs/task5_0161.yaml
162,task5_0162,UTEXAS_10000589_R618,UTEXAS_10000589,10000589,Aptamer 32,RNA,80,DNA polymerase beta (polβ),protein,335,UniProt,P06746,DNA polymerase beta (EC 2.7.7.7) (5'-deoxyribose-phosphate lyase) (5'-dRP lyase) (EC 4.2.99.-) (AP lyase) (EC 4.2.99.18),UNIPROT_NAME_SCORE_2.000,STRONG_NAME_MATCH_0.750,Kd: 290 ± 80 nM,290,https://doi.org/10.1093/nar/gkl326,https://pubmed.ncbi.nlm.nih.gov/16707660/,/projects/bentosprg6/linwx/research_project/data/task5/boltz_inputs/task5_0162.yaml
163,task5_0163,UTEXAS_10000589_R619,UTEXAS_10000589,10000589,Aptamer 32,RNA,80,DNA polymerase kappa (polκ),protein,870,UniProt,Q9UBT6,DNA polymerase kappa (EC 2.7.7.7) (DINB protein) (DINP),UNIPROT_NAME_SCORE_2.000,STRONG_NAME_MATCH_0.750,Kd: 410 ± 50 nM,410,https://doi.org/10.1093/nar/gkl326,https://pubmed.ncbi.nlm.nih.gov/16707660/,/projects/bentosprg6/linwx/research_project/data/task5/boltz_inputs/task5_0163.yaml
164,task5_0164,UTEXAS_10000590_R620,UTEXAS_10000590,10000590,Aptamer 25,RNA,80,DNA polymerase beta (polβ),protein,335,UniProt,P06746,DNA polymerase beta (EC 2.7.7.7) (5'-deoxyribose-phosphate lyase) (5'-dRP lyase) (EC 4.2.99.-) (AP lyase) (EC 4.2.99.18),UNIPROT_NAME_SCORE_2.000,STRONG_NAME_MATCH_0.750,Kd: 430 ± 130 nM,430,https://doi.org/10.1093/nar/gkl326,https://pubmed.ncbi.nlm.nih.gov/16707660/,/projects/bentosprg6/linwx/research_project/data/task5/boltz_inputs/task5_0164.yaml
165,task5_0165,UTEXAS_10000590_R621,UTEXAS_10000590,10000590,Aptamer 25,RNA,80,DNA polymerase kappa (polκ),protein,870,UniProt,Q9UBT6,DNA polymerase kappa (EC 2.7.7.7) (DINB protein) (DINP),UNIPROT_NAME_SCORE_2.000,STRONG_NAME_MATCH_0.750,Kd: 500 ± 100 nM,500,https://doi.org/10.1093/nar/gkl326,https://pubmed.ncbi.nlm.nih.gov/16707660/,/projects/bentosprg6/linwx/research_project/data/task5/boltz_inputs/task5_0165.yaml
166,task5_0166,UTEXAS_10000591_R622,UTEXAS_10000591,10000591,Aptamer 53,RNA,80,DNA polymerase beta (polβ),protein,335,UniProt,P06746,DNA polymerase beta (EC 2.7.7.7) (5'-deoxyribose-phosphate lyase) (5'-dRP lyase) (EC 4.2.99.-) (AP lyase) (EC 4.2.99.18),UNIPROT_NAME_SCORE_2.000,STRONG_NAME_MATCH_0.750,Not reported,,https://doi.org/10.1093/nar/gkl326,https://pubmed.ncbi.nlm.nih.gov/16707660/,/projects/bentosprg6/linwx/research_project/data/task5/boltz_inputs/task5_0166.yaml
167,task5_0167,UTEXAS_10000592_R623,UTEXAS_10000592,10000592,Aptamer 45,RNA,80,DNA polymerase beta (polβ),protein,335,UniProt,P06746,DNA polymerase beta (EC 2.7.7.7) (5'-deoxyribose-phosphate lyase) (5'-dRP lyase) (EC 4.2.99.-) (AP lyase) (EC 4.2.99.18),UNIPROT_NAME_SCORE_2.000,STRONG_NAME_MATCH_0.750,Kd: 490 ± 70 nM,490,https://doi.org/10.1093/nar/gkl326,https://pubmed.ncbi.nlm.nih.gov/16707660/,/projects/bentosprg6/linwx/research_project/data/task5/boltz_inputs/task5_0167.yaml
168,task5_0168,UTEXAS_10000592_R624,UTEXAS_10000592,10000592,Aptamer 45,RNA,80,DNA polymerase kappa (polκ),protein,870,UniProt,Q9UBT6,DNA polymerase kappa (EC 2.7.7.7) (DINB protein) (DINP),UNIPROT_NAME_SCORE_2.000,STRONG_NAME_MATCH_0.750,Kd: 750  ± 160 nM,750,https://doi.org/10.1093/nar/gkl326,https://pubmed.ncbi.nlm.nih.gov/16707660/,/projects/bentosprg6/linwx/research_project/data/task5/boltz_inputs/task5_0168.yaml
169,task5_0169,UTEXAS_10000593_R625,UTEXAS_10000593,10000593,Aptamer 31,RNA,80,DNA polymerase beta (polβ),protein,335,UniProt,P06746,DNA polymerase beta (EC 2.7.7.7) (5'-deoxyribose-phosphate lyase) (5'-dRP lyase) (EC 4.2.99.-) (AP lyase) (EC 4.2.99.18),UNIPROT_NAME_SCORE_2.000,STRONG_NAME_MATCH_0.750,Not reported,,https://doi.org/10.1093/nar/gkl326,https://pubmed.ncbi.nlm.nih.gov/16707660/,/projects/bentosprg6/linwx/research_project/data/task5/boltz_inputs/task5_0169.yaml
170,task5_0170,UTEXAS_10000607_R639,UTEXAS_10000607,10000607,clone 5,RNA,113,Bovine factor IX,protein,462,UniProt,P00741,Coagulation factor IX (EC 3.4.21.22) (Christmas factor) [Cleaved into: Coagulation factor IXa light chain; Coagulation factor IXa heavy chain],UNIPROT_NAME_SCORE_2.000,STRONG_NAME_MATCH_1.000,Kd: 10 nM,10,https://doi.org/10.1093/jb/mvj203,https://pubmed.ncbi.nlm.nih.gov/17030508/,/projects/bentosprg6/linwx/research_project/data/task5/boltz_inputs/task5_0170.yaml
171,task5_0171,UTEXAS_10000615_R647,UTEXAS_10000615,10000615,PB9 aptamer,DNA,75,Protein kinase C-delta (PKCδ),protein,676,UniProt,Q05655,Protein kinase C delta type (EC 2.7.11.13) (Tyrosine-protein kinase PRKCD) (EC 2.7.10.2) (nPKC-delta) [Cleaved into: Protein kinase C delta type regulatory subunit; Protein kinase C delta type catalytic subunit (Sphingosine-dependent protein kinase-1) (SDK1)],UNIPROT_NAME_SCORE_2.000,STRONG_NAME_MATCH_0.667,Kd: 122 nM,122,https://doi.org/10.1039/b604778e,https://pubmed.ncbi.nlm.nih.gov/17028752/,/projects/bentosprg6/linwx/research_project/data/task5/boltz_inputs/task5_0171.yaml
172,task5_0172,UTEXAS_10000622_R654,UTEXAS_10000622,10000622,ApT4-A,RNA,97,Thyroxine (T4),ligand,,PubChem,5819,Thyroxine,PUBCHEM_NAME,PUBCHEM_NAME_WITH_SMILES,Kd: 50±10 μM,50000,https://doi.org/10.1042/BJ20061216,https://pubmed.ncbi.nlm.nih.gov/17163839/,/projects/bentosprg6/linwx/research_project/data/task5/boltz_inputs/task5_0172.yaml
173,task5_0173,UTEXAS_10000639_R671,UTEXAS_10000639,10000639,Apt A,DNA,82,Bifunctional ribulose 5-phosphate reductase (Bcs1),protein,474,UniProt,Q48230,Bifunctional ribulose 5-phosphate reductase/CDP-ribitol pyrophosphorylase Bcs1 (CDP-ribitol synthase) [Includes: Ribitol-5-phosphate cytidylyltransferase (EC 2.7.7.40); Ribulose-5-phosphate reductase (Ribulose-5-P reductase) (EC 1.1.1.405) (Ribitol-5-phosphate dehydrogenase)],UNIPROT_NAME_SCORE_2.000,STRONG_NAME_MATCH_1.000,Kd: 39 nM,39,https://doi.org/10.1002/cbic.200700257,https://pubmed.ncbi.nlm.nih.gov/17929340/,/projects/bentosprg6/linwx/research_project/data/task5/boltz_inputs/task5_0173.yaml
174,task5_0174,UTEXAS_10000640_R672,UTEXAS_10000640,10000640,Apt B,DNA,82,Bifunctional ribulose 5-phosphate reductase (Bcs1),protein,474,UniProt,Q48230,Bifunctional ribulose 5-phosphate reductase/CDP-ribitol pyrophosphorylase Bcs1 (CDP-ribitol synthase) [Includes: Ribitol-5-phosphate cytidylyltransferase (EC 2.7.7.40); Ribulose-5-phosphate reductase (Ribulose-5-P reductase) (EC 1.1.1.405) (Ribitol-5-phosphate dehydrogenase)],UNIPROT_NAME_SCORE_2.000,STRONG_NAME_MATCH_1.000,Kd: 29 nM,29,https://doi.org/10.1002/cbic.200700257,https://pubmed.ncbi.nlm.nih.gov/17929340/,/projects/bentosprg6/linwx/research_project/data/task5/boltz_inputs/task5_0174.yaml
175,task5_0175,UTEXAS_10000654_R686,UTEXAS_10000654,10000654,1.12,DNA,61,Ochratoxin A (OTA),ligand,,PubChem,442530,Ochratoxin A,PUBCHEM_NAME,PUBCHEM_NAME_WITH_SMILES,Kd: 0.36,0.36,https://doi.org/10.1021/jf801957h,https://pubmed.ncbi.nlm.nih.gov/18983163/,/projects/bentosprg6/linwx/research_project/data/task5/boltz_inputs/task5_0175.yaml
176,task5_0176,UTEXAS_10000657_R689,UTEXAS_10000657,10000657,No. 4,DNA,76,Oxytetracycline (OTC),ligand,,PubChem,54675779,Oxytetracycline,PUBCHEM_NAME,PUBCHEM_NAME_WITH_SMILES,Kd: 9.61 ± 0.3 nM,9.61,https://doi.org/10.1016/j.bmc.2007.10.073,https://pubmed.ncbi.nlm.nih.gov/17988875/,/projects/bentosprg6/linwx/research_project/data/task5/boltz_inputs/task5_0176.yaml
177,task5_0177,UTEXAS_10000658_R690,UTEXAS_10000658,10000658,No. 5,DNA,76,Oxytetracycline (OTC),ligand,,PubChem,54675779,Oxytetracycline,PUBCHEM_NAME,PUBCHEM_NAME_WITH_SMILES,Kd: 12.08 ± 2.25 nM,12.08,https://doi.org/10.1016/j.bmc.2007.10.073,https://pubmed.ncbi.nlm.nih.gov/17988875/,/projects/bentosprg6/linwx/research_project/data/task5/boltz_inputs/task5_0177.yaml
178,task5_0178,UTEXAS_10000659_R691,UTEXAS_10000659,10000659,No. 20,DNA,76,Oxytetracycline (OTC),ligand,,PubChem,54675779,Oxytetracycline,PUBCHEM_NAME,PUBCHEM_NAME_WITH_SMILES,Kd: 56.84 ± 3.62 nM,56.84,https://doi.org/10.1016/j.bmc.2007.10.073,https://pubmed.ncbi.nlm.nih.gov/17988875/,/projects/bentosprg6/linwx/research_project/data/task5/boltz_inputs/task5_0178.yaml
179,task5_0179,UTEXAS_10000665_R697,UTEXAS_10000665,10000665,A,DNA,97,Anti-neuroexcitation peptide III (ANEPIII),protein,85,UniProt,Q9BKJ0,Anti-neuroexcitation peptide 3 (BmKANEP3) (Anti-epilepsy peptide) (Anti-neuroexcitation peptide III) (ANEPIII) (Toxin KIM),UNIPROT_NAME_SCORE_2.000,STRONG_NAME_MATCH_1.000,Kd: 228.4 nM and 7485.3 nM *this Kd was determined with affinity test on entire n round pool,228.4,https://doi.org/10.1007/s12272-001-1278-2,https://pubmed.ncbi.nlm.nih.gov/18806954/,/projects/bentosprg6/linwx/research_project/data/task5/boltz_inputs/task5_0179.yaml
180,task5_0180,UTEXAS_10000667_R699,UTEXAS_10000667,10000667,C,DNA,108,Anti-neuroexcitation peptide III (ANEPIII),protein,85,UniProt,Q9BKJ0,Anti-neuroexcitation peptide 3 (BmKANEP3) (Anti-epilepsy peptide) (Anti-neuroexcitation peptide III) (ANEPIII) (Toxin KIM),UNIPROT_NAME_SCORE_2.000,STRONG_NAME_MATCH_1.000,Kd: 228.4 nM and 7485.3 nM *this Kd was determined with affinity test on entire n round pool,228.4,https://doi.org/10.1007/s12272-001-1278-2,https://pubmed.ncbi.nlm.nih.gov/18806954/,/projects/bentosprg6/linwx/research_project/data/task5/boltz_inputs/task5_0180.yaml
181,task5_0181,UTEXAS_10000668_R700,UTEXAS_10000668,10000668,D,DNA,101,Anti-neuroexcitation peptide III (ANEPIII),protein,85,UniProt,Q9BKJ0,Anti-neuroexcitation peptide 3 (BmKANEP3) (Anti-epilepsy peptide) (Anti-neuroexcitation peptide III) (ANEPIII) (Toxin KIM),UNIPROT_NAME_SCORE_2.000,STRONG_NAME_MATCH_1.000,Kd: 228.4 nM and 7485.3 nM *this Kd was determined with affinity test on entire n round pool,228.4,https://doi.org/10.1007/s12272-001-1278-2,https://pubmed.ncbi.nlm.nih.gov/18806954/,/projects/bentosprg6/linwx/research_project/data/task5/boltz_inputs/task5_0181.yaml
182,task5_0182,UTEXAS_10000669_R701,UTEXAS_10000669,10000669,E,DNA,97,Anti-neuroexcitation peptide III (ANEPIII),protein,85,UniProt,Q9BKJ0,Anti-neuroexcitation peptide 3 (BmKANEP3) (Anti-epilepsy peptide) (Anti-neuroexcitation peptide III) (ANEPIII) (Toxin KIM),UNIPROT_NAME_SCORE_2.000,STRONG_NAME_MATCH_1.000,Kd: 228.4 nM and 7485.3 nM *this Kd was determined with affinity test on entire n round pool,228.4,https://doi.org/10.1007/s12272-001-1278-2,https://pubmed.ncbi.nlm.nih.gov/18806954/,/projects/bentosprg6/linwx/research_project/data/task5/boltz_inputs/task5_0182.yaml
183,task5_0183,UTEXAS_10000670_R702,UTEXAS_10000670,10000670,F,DNA,97,Anti-neuroexcitation peptide III (ANEPIII),protein,85,UniProt,Q9BKJ0,Anti-neuroexcitation peptide 3 (BmKANEP3) (Anti-epilepsy peptide) (Anti-neuroexcitation peptide III) (ANEPIII) (Toxin KIM),UNIPROT_NAME_SCORE_2.000,STRONG_NAME_MATCH_1.000,Kd: 228.4 nM and 7485.3 nM *this Kd was determined with affinity test on entire n round pool,228.4,https://doi.org/10.1007/s12272-001-1278-2,https://pubmed.ncbi.nlm.nih.gov/18806954/,/projects/bentosprg6/linwx/research_project/data/task5/boltz_inputs/task5_0183.yaml
184,task5_0184,UTEXAS_10000671_R703,UTEXAS_10000671,10000671,G,DNA,106,Anti-neuroexcitation peptide III (ANEPIII),protein,85,UniProt,Q9BKJ0,Anti-neuroexcitation peptide 3 (BmKANEP3) (Anti-epilepsy peptide) (Anti-neuroexcitation peptide III) (ANEPIII) (Toxin KIM),UNIPROT_NAME_SCORE_2.000,STRONG_NAME_MATCH_1.000,Kd: 228.4 nM and 7485.3 nM *this Kd was determined with affinity test on entire n round pool,228.4,https://doi.org/10.1007/s12272-001-1278-2,https://pubmed.ncbi.nlm.nih.gov/18806954/,/projects/bentosprg6/linwx/research_project/data/task5/boltz_inputs/task5_0184.yaml
185,task5_0185,UTEXAS_10000672_R704,UTEXAS_10000672,10000672,H,DNA,103,Anti-neuroexcitation peptide III (ANEPIII),protein,85,UniProt,Q9BKJ0,Anti-neuroexcitation peptide 3 (BmKANEP3) (Anti-epilepsy peptide) (Anti-neuroexcitation peptide III) (ANEPIII) (Toxin KIM),UNIPROT_NAME_SCORE_2.000,STRONG_NAME_MATCH_1.000,Kd: 228.4 nM and 7485.3 nM *this Kd was determined with affinity test on entire n round pool,228.4,https://doi.org/10.1007/s12272-001-1278-2,https://pubmed.ncbi.nlm.nih.gov/18806954/,/projects/bentosprg6/linwx/research_project/data/task5/boltz_inputs/task5_0185.yaml
186,task5_0186,UTEXAS_10000673_R705,UTEXAS_10000673,10000673,I,DNA,88,Anti-neuroexcitation peptide III (ANEPIII),protein,85,UniProt,Q9BKJ0,Anti-neuroexcitation peptide 3 (BmKANEP3) (Anti-epilepsy peptide) (Anti-neuroexcitation peptide III) (ANEPIII) (Toxin KIM),UNIPROT_NAME_SCORE_2.000,STRONG_NAME_MATCH_1.000,Kd: 228.4 nM and 7485.3 nM *this Kd was determined with affinity test on entire n round pool,228.4,https://doi.org/10.1007/s12272-001-1278-2,https://pubmed.ncbi.nlm.nih.gov/18806954/,/projects/bentosprg6/linwx/research_project/data/task5/boltz_inputs/task5_0186.yaml
187,task5_0187,UTEXAS_10000674_R706,UTEXAS_10000674,10000674,J,DNA,88,Anti-neuroexcitation peptide III (ANEPIII),protein,85,UniProt,Q9BKJ0,Anti-neuroexcitation peptide 3 (BmKANEP3) (Anti-epilepsy peptide) (Anti-neuroexcitation peptide III) (ANEPIII) (Toxin KIM),UNIPROT_NAME_SCORE_2.000,STRONG_NAME_MATCH_1.000,Kd: 228.4 nM and 7485.3 nM *this Kd was determined with affinity test on entire n round pool,228.4,https://doi.org/10.1007/s12272-001-1278-2,https://pubmed.ncbi.nlm.nih.gov/18806954/,/projects/bentosprg6/linwx/research_project/data/task5/boltz_inputs/task5_0187.yaml
188,task5_0188,UTEXAS_10000675_R707,UTEXAS_10000675,10000675,K,DNA,100,Anti-neuroexcitation peptide III (ANEPIII),protein,85,UniProt,Q9BKJ0,Anti-neuroexcitation peptide 3 (BmKANEP3) (Anti-epilepsy peptide) (Anti-neuroexcitation peptide III) (ANEPIII) (Toxin KIM),UNIPROT_NAME_SCORE_2.000,STRONG_NAME_MATCH_1.000,Kd: 228.4 nM and 7485.3 nM *this Kd was determined with affinity test on entire n round pool,228.4,https://doi.org/10.1007/s12272-001-1278-2,Identification of ssDNA aptamers specific for anti-neuroexcitation peptide III and molecular modeling studies: insights into structural interactions,/projects/bentosprg6/linwx/research_project/data/task5/boltz_inputs/task5_0188.yaml
189,task5_0189,UTEXAS_10000697_R729,UTEXAS_10000697,10000697,85A,DNA,90,Fibrinogen,protein,866,UniProt,P02671,Fibrinogen alpha chain [Cleaved into: Fibrinopeptide A; Fibrinogen alpha chain],UNIPROT_NAME_SCORE_2.000,STRONG_NAME_MATCH_1.000,Kd: 102 ± 39.7,102,https://doi.org/10.1021/ja801510d,https://pubmed.ncbi.nlm.nih.gov/18763762/,/projects/bentosprg6/linwx/research_project/data/task5/boltz_inputs/task5_0189.yaml
190,task5_0190,UTEXAS_10000698_R730,UTEXAS_10000698,10000698,85B,DNA,91,Fibrinogen,protein,866,UniProt,P02671,Fibrinogen alpha chain [Cleaved into: Fibrinopeptide A; Fibrinogen alpha chain],UNIPROT_NAME_SCORE_2.000,STRONG_NAME_MATCH_1.000,Kd: 6.4±0.81 nM,6.4,https://doi.org/10.1021/ja801510d,https://pubmed.ncbi.nlm.nih.gov/18763762/,/projects/bentosprg6/linwx/research_project/data/task5/boltz_inputs/task5_0190.yaml
191,task5_0191,UTEXAS_10000699_R731,UTEXAS_10000699,10000699,85C,DNA,90,Fibrinogen,protein,866,UniProt,P02671,Fibrinogen alpha chain [Cleaved into: Fibrinopeptide A; Fibrinogen alpha chain],UNIPROT_NAME_SCORE_2.000,STRONG_NAME_MATCH_1.000,Kd: 17.1±2.1 nM,17.1,https://doi.org/10.1021/ja801510d,https://pubmed.ncbi.nlm.nih.gov/18763762/,/projects/bentosprg6/linwx/research_project/data/task5/boltz_inputs/task5_0191.yaml
192,task5_0192,UTEXAS_10000700_R732,UTEXAS_10000700,10000700,C13,RNA,57,G-protein-coupled receptor kinase 2 (GRK2),protein,707,UniProt,Q09639,G protein-coupled receptor kinase 2 (EC 2.7.11.16),UNIPROT_NAME_SCORE_2.000,STRONG_NAME_MATCH_0.750,Kd: 78.2 nM ± 2.6 nM,78.2,https://doi.org/10.1261/rna.821908,https://pubmed.ncbi.nlm.nih.gov/18230760/,/projects/bentosprg6/linwx/research_project/data/task5/boltz_inputs/task5_0192.yaml
193,task5_0193,UTEXAS_10000716_R748,UTEXAS_10000716,10000716,ACh 6R,DNA,72,Acetylcholine,ligand,,PubChem,187,Acetylcholine,PUBCHEM_NAME,PUBCHEM_NAME_WITH_SMILES,Not reported,,https://doi.org/10.1007/s11626-008-9086-0,https://pubmed.ncbi.nlm.nih.gov/18311508/,/projects/bentosprg6/linwx/research_project/data/task5/boltz_inputs/task5_0193.yaml
194,task5_0194,UTEXAS_10000751_R783,UTEXAS_10000751,10000751,BC15,DNA,74,Heterogeneous nuclear ribonucleoprotein A1 (hnRNP A1),protein,365,UniProt,P07909,Heterogeneous nuclear ribonucleoprotein A1 (hnRNP A1) (PEN repeat clone P9) (hnRNP core protein A1-A),UNIPROT_NAME_SCORE_2.000,STRONG_NAME_MATCH_1.000,Kd: 111.0 ± 36.9 nM,111,https://doi.org/10.1002/path.2543,https://pubmed.ncbi.nlm.nih.gov/19291713/,/projects/bentosprg6/linwx/research_project/data/task5/boltz_inputs/task5_0194.yaml
195,task5_0195,UTEXAS_10000756_R789,UTEXAS_10000756,10000756,No. 8,DNA,101,8-hydroxy-2′-deoxyguanosine (8-OHdG),ligand,,PubChem,135440064,8-hydroxy-2′-deoxyguanosine,PUBCHEM_NAME,PUBCHEM_NAME_WITH_SMILES,Not reported,,https://doi.org/10.1016/j.bmcl.2009.04.130,https://pubmed.ncbi.nlm.nih.gov/19450981/,/projects/bentosprg6/linwx/research_project/data/task5/boltz_inputs/task5_0195.yaml
196,task5_0196,UTEXAS_10000757_R790,UTEXAS_10000757,10000757,No. 11,DNA,106,8-hydroxy-2′-deoxyguanosine (8-OHdG),ligand,,PubChem,135440064,8-hydroxy-2′-deoxyguanosine,PUBCHEM_NAME,PUBCHEM_NAME_WITH_SMILES,Not reported,,https://doi.org/10.1016/j.bmcl.2009.04.130,https://pubmed.ncbi.nlm.nih.gov/19450981/,/projects/bentosprg6/linwx/research_project/data/task5/boltz_inputs/task5_0196.yaml
197,task5_0197,UTEXAS_10000758_R791,UTEXAS_10000758,10000758,No. 22,DNA,110,8-hydroxy-2′-deoxyguanosine (8-OHdG),ligand,,PubChem,135440064,8-hydroxy-2′-deoxyguanosine,PUBCHEM_NAME,PUBCHEM_NAME_WITH_SMILES,Kd: 0.1 μmol/L,1000,https://doi.org/10.1016/j.bmcl.2009.04.130,https://pubmed.ncbi.nlm.nih.gov/19450981/,/projects/bentosprg6/linwx/research_project/data/task5/boltz_inputs/task5_0197.yaml
198,task5_0198,UTEXAS_10000764_R798,UTEXAS_10000764,10000764,D10/DA24,DNA,76,Diclofenac (DCF),ligand,,PubChem,3033,Diclofenac,PUBCHEM_NAME,PUBCHEM_NAME_WITH_SMILES,Kd: 100.64 nM,100.64,https://doi.org/10.1016/j.bmc.2009.06.044,https://pubmed.ncbi.nlm.nih.gov/19604698/,/projects/bentosprg6/linwx/research_project/data/task5/boltz_inputs/task5_0198.yaml
199,task5_0199,UTEXAS_10000765_R799,UTEXAS_10000765,10000765,D22,DNA,77,Diclofenac (DCF),ligand,,PubChem,3033,Diclofenac,PUBCHEM_NAME,PUBCHEM_NAME_WITH_SMILES,Kd: 166.34 nM,166.34,https://doi.org/10.1016/j.bmc.2009.06.044,https://pubmed.ncbi.nlm.nih.gov/19604698/,/projects/bentosprg6/linwx/research_project/data/task5/boltz_inputs/task5_0199.yaml
200,task5_0200,UTEXAS_10000766_R800,UTEXAS_10000766,10000766,D16,DNA,77,Diclofenac (DCF),ligand,,PubChem,3033,Diclofenac,PUBCHEM_NAME,PUBCHEM_NAME_WITH_SMILES,Kd: 148.73 nM,148.73,https://doi.org/10.1016/j.bmc.2009.06.044,https://pubmed.ncbi.nlm.nih.gov/19604698/,/projects/bentosprg6/linwx/research_project/data/task5/boltz_inputs/task5_0200.yaml
201,task5_0201,UTEXAS_10000767_R801,UTEXAS_10000767,10000767,D3,DNA,75,Diclofenac (DCF),ligand,,PubChem,3033,Diclofenac,PUBCHEM_NAME,PUBCHEM_NAME_WITH_SMILES,Kd: 42.7 nM,42.7,https://doi.org/10.1016/j.bmc.2009.06.044,https://pubmed.ncbi.nlm.nih.gov/19604698/,/projects/bentosprg6/linwx/research_project/data/task5/boltz_inputs/task5_0201.yaml
202,task5_0202,UTEXAS_10000768_R802,UTEXAS_10000768,10000768,"Aptamer 32, 34",DNA,81,Streptavidin,protein,183,UniProt,P22629,Streptavidin,UNIPROT_NAME_SCORE_2.000,STRONG_NAME_MATCH_1.000,Kd: 69.277 ± 4.323 nM,69.277,https://doi.org/10.1093/abbs/gmp022,https://pubmed.ncbi.nlm.nih.gov/19352549/,/projects/bentosprg6/linwx/research_project/data/task5/boltz_inputs/task5_0202.yaml
203,task5_0203,UTEXAS_10000769_R803,UTEXAS_10000769,10000769,Aptamer 29,DNA,81,Streptavidin,protein,183,UniProt,P22629,Streptavidin,UNIPROT_NAME_SCORE_2.000,STRONG_NAME_MATCH_1.000,Kd: 94.228 ± 5.443 nM,94.228,https://doi.org/10.1093/abbs/gmp022,https://pubmed.ncbi.nlm.nih.gov/19352549/,/projects/bentosprg6/linwx/research_project/data/task5/boltz_inputs/task5_0203.yaml
204,task5_0204,UTEXAS_10000770_R804,UTEXAS_10000770,10000770,Aptamer 30,DNA,81,Streptavidin,protein,183,UniProt,P22629,Streptavidin,UNIPROT_NAME_SCORE_2.000,STRONG_NAME_MATCH_1.000,Kd: 104.265 ± 5.688 nM,104.265,https://doi.org/10.1093/abbs/gmp022,https://pubmed.ncbi.nlm.nih.gov/19352549/,/projects/bentosprg6/linwx/research_project/data/task5/boltz_inputs/task5_0204.yaml
205,task5_0205,UTEXAS_10000784_R818,UTEXAS_10000784,10000784,C13,RNA,71,Protein tyrosine phosphatase 1B (PTP1B),protein,435,UniProt,P18031,Tyrosine-protein phosphatase non-receptor type 1 (EC 3.1.3.48) (Protein-tyrosine phosphatase 1B) (PTP-1B),UNIPROT_NAME_SCORE_2.000,STRONG_NAME_MATCH_0.750,Ki: 200 pM,,https://doi.org/10.1002/cbic.201000208,https://pubmed.ncbi.nlm.nih.gov/20572251/,/projects/bentosprg6/linwx/research_project/data/task5/boltz_inputs/task5_0205.yaml
206,task5_0206,UTEXAS_10000786_R820,UTEXAS_10000786,10000786,C9,RNA,71,Protein tyrosine phosphatase 1B (PTP1B),protein,435,UniProt,P18031,Tyrosine-protein phosphatase non-receptor type 1 (EC 3.1.3.48) (Protein-tyrosine phosphatase 1B) (PTP-1B),UNIPROT_NAME_SCORE_2.000,STRONG_NAME_MATCH_0.750,Ki: 250 nM,,https://doi.org/10.1002/cbic.201000208,https://pubmed.ncbi.nlm.nih.gov/20572251/,/projects/bentosprg6/linwx/research_project/data/task5/boltz_inputs/task5_0206.yaml
207,task5_0207,UTEXAS_10000788_R822,UTEXAS_10000788,10000788,C1,RNA,79,Sphingosylphosphorylcholine (SPC),ligand,,PubChem,9847290,Sphingosylphosphorylcholine,PUBCHEM_NAME,PUBCHEM_NAME_WITH_SMILES,Kd: 20.9 ± 0.19 nM,20.9,http://doi.org/10.3390/molecules15085742,https://pubmed.ncbi.nlm.nih.gov/20729797/,/projects/bentosprg6/linwx/research_project/data/task5/boltz_inputs/task5_0207.yaml
208,task5_0208,UTEXAS_10000789_R823,UTEXAS_10000789,10000789,C2,RNA,80,Sphingosylphosphorylcholine (SPC),ligand,,PubChem,9847290,Sphingosylphosphorylcholine,PUBCHEM_NAME,PUBCHEM_NAME_WITH_SMILES,Kd: 33.2 ± 0.19 nM,33.2,http://doi.org/10.3390/molecules15085742,https://pubmed.ncbi.nlm.nih.gov/20729797/,/projects/bentosprg6/linwx/research_project/data/task5/boltz_inputs/task5_0208.yaml
209,task5_0209,UTEXAS_10000790_R824,UTEXAS_10000790,10000790,C8,RNA,79,Sphingosylphosphorylcholine (SPC),ligand,,PubChem,9847290,Sphingosylphosphorylcholine,PUBCHEM_NAME,PUBCHEM_NAME_WITH_SMILES,Kd: 90.4 ± 2.35 nM,90.4,http://doi.org/10.3390/molecules15085742,https://pubmed.ncbi.nlm.nih.gov/20729797/,/projects/bentosprg6/linwx/research_project/data/task5/boltz_inputs/task5_0209.yaml
210,task5_0210,UTEXAS_10000800_R836,UTEXAS_10000800,10000800,PSap4#5,DNA,70,Prostate specific antigen (PSA),protein,261,UniProt,P07288,Prostate-specific antigen (PSA) (EC 3.4.21.77) (Gamma-seminoprotein) (Seminin) (Kallikrein-3) (P-30 antigen) (Semenogelase),UNIPROT_NAME_SCORE_2.000,STRONG_NAME_MATCH_1.000,"Kd: ""several tens of nM""",,https://doi.org/10.1016/j.bios.2010.07.057,https://pubmed.ncbi.nlm.nih.gov/20692149/,/projects/bentosprg6/linwx/research_project/data/task5/boltz_inputs/task5_0210.yaml
211,task5_0211,UTEXAS_10000801_R837,UTEXAS_10000801,10000801,PSap#4-3,DNA,70,Prostate specific antigen (PSA),protein,261,UniProt,P07288,Prostate-specific antigen (PSA) (EC 3.4.21.77) (Gamma-seminoprotein) (Seminin) (Kallikrein-3) (P-30 antigen) (Semenogelase),UNIPROT_NAME_SCORE_2.000,STRONG_NAME_MATCH_1.000,"Kd: ""several tens of nM""",,https://doi.org/10.1016/j.bios.2010.07.057,https://pubmed.ncbi.nlm.nih.gov/20692149/,/projects/bentosprg6/linwx/research_project/data/task5/boltz_inputs/task5_0211.yaml
212,task5_0212,UTEXAS_10000802_R838,UTEXAS_10000802,10000802,PSap#4-4,DNA,70,Prostate specific antigen (PSA),protein,261,UniProt,P07288,Prostate-specific antigen (PSA) (EC 3.4.21.77) (Gamma-seminoprotein) (Seminin) (Kallikrein-3) (P-30 antigen) (Semenogelase),UNIPROT_NAME_SCORE_2.000,STRONG_NAME_MATCH_1.000,"Kd: ""several tens of nM""",,https://doi.org/10.1016/j.bios.2010.07.057,https://pubmed.ncbi.nlm.nih.gov/20692149/,/projects/bentosprg6/linwx/research_project/data/task5/boltz_inputs/task5_0212.yaml
213,task5_0213,UTEXAS_10000803_R839,UTEXAS_10000803,10000803,PSap#4-6,DNA,70,Prostate specific antigen (PSA),protein,261,UniProt,P07288,Prostate-specific antigen (PSA) (EC 3.4.21.77) (Gamma-seminoprotein) (Seminin) (Kallikrein-3) (P-30 antigen) (Semenogelase),UNIPROT_NAME_SCORE_2.000,STRONG_NAME_MATCH_1.000,"Kd: ""several tens of nM""",,https://doi.org/10.1016/j.bios.2010.07.057,https://pubmed.ncbi.nlm.nih.gov/20692149/,/projects/bentosprg6/linwx/research_project/data/task5/boltz_inputs/task5_0213.yaml
214,task5_0214,UTEXAS_10000804_R840,UTEXAS_10000804,10000804,PSap#4-9,DNA,70,Prostate specific antigen (PSA),protein,261,UniProt,P07288,Prostate-specific antigen (PSA) (EC 3.4.21.77) (Gamma-seminoprotein) (Seminin) (Kallikrein-3) (P-30 antigen) (Semenogelase),UNIPROT_NAME_SCORE_2.000,STRONG_NAME_MATCH_1.000,"Kd: ""several tens of nM""",,https://doi.org/10.1016/j.bios.2010.07.057,https://pubmed.ncbi.nlm.nih.gov/20692149/,/projects/bentosprg6/linwx/research_project/data/task5/boltz_inputs/task5_0214.yaml
215,task5_0215,UTEXAS_10000805_R841,UTEXAS_10000805,10000805,PSap#4-11,DNA,70,Prostate specific antigen (PSA),protein,261,UniProt,P07288,Prostate-specific antigen (PSA) (EC 3.4.21.77) (Gamma-seminoprotein) (Seminin) (Kallikrein-3) (P-30 antigen) (Semenogelase),UNIPROT_NAME_SCORE_2.000,STRONG_NAME_MATCH_1.000,"Kd: ""several tens of nM""",,https://doi.org/10.1016/j.bios.2010.07.057,https://pubmed.ncbi.nlm.nih.gov/20692149/,/projects/bentosprg6/linwx/research_project/data/task5/boltz_inputs/task5_0215.yaml
216,task5_0216,UTEXAS_10000806_R842,UTEXAS_10000806,10000806,21-E,RNA,72,Zinc-finger antiviral protein (ZAP),protein,902,UniProt,Q7Z2W4,Zinc finger CCCH-type antiviral protein 1 (ADP-ribosyltransferase diphtheria toxin-like 13) (ARTD13) (Inactive Poly [ADP-ribose] polymerase 13) (PARP13) (Zinc finger CCCH domain-containing protein 2) (Zinc finger antiviral protein) (ZAP),UNIPROT_NAME_SCORE_2.000,STRONG_NAME_MATCH_1.000,Not reported,,https://doi.org/10.1007/s13238-010-0096-99,https://pubmed.ncbi.nlm.nih.gov/21203916/,/projects/bentosprg6/linwx/research_project/data/task5/boltz_inputs/task5_0216.yaml
217,task5_0217,UTEXAS_10000807_R843,UTEXAS_10000807,10000807,21-K,RNA,75,Zinc-finger antiviral protein (ZAP),protein,902,UniProt,Q7Z2W4,Zinc finger CCCH-type antiviral protein 1 (ADP-ribosyltransferase diphtheria toxin-like 13) (ARTD13) (Inactive Poly [ADP-ribose] polymerase 13) (PARP13) (Zinc finger CCCH domain-containing protein 2) (Zinc finger antiviral protein) (ZAP),UNIPROT_NAME_SCORE_2.000,STRONG_NAME_MATCH_1.000,Not reported,,https://doi.org/10.1007/s13238-010-0096-99,https://pubmed.ncbi.nlm.nih.gov/21203916/,/projects/bentosprg6/linwx/research_project/data/task5/boltz_inputs/task5_0217.yaml
218,task5_0218,UTEXAS_10000810_R846,UTEXAS_10000810,10000810,IBA 2,DNA,76,(R)-ibuprofen,ligand,,PubChem,6926382,(R)-ibuprofen,PUBCHEM_NAME,PUBCHEM_NAME_WITH_SMILES,Kd: 3.0 uM,3000,https://doi.org/10.1016/j.bmc.2010.03.074,https://pubmed.ncbi.nlm.nih.gov/20456958/,/projects/bentosprg6/linwx/research_project/data/task5/boltz_inputs/task5_0218.yaml
219,task5_0219,UTEXAS_10000811_R847,UTEXAS_10000811,10000811,IBA 8,DNA,76,(R)-ibuprofen,ligand,,PubChem,6926382,(R)-ibuprofen,PUBCHEM_NAME,PUBCHEM_NAME_WITH_SMILES,Kd: 5.2 uM,5200,https://doi.org/10.1016/j.bmc.2010.03.074,https://pubmed.ncbi.nlm.nih.gov/20456958/,/projects/bentosprg6/linwx/research_project/data/task5/boltz_inputs/task5_0219.yaml
220,task5_0220,UTEXAS_10000812_R848,UTEXAS_10000812,10000812,IBA 12,DNA,69,(R)-ibuprofen,ligand,,PubChem,6926382,(R)-ibuprofen,PUBCHEM_NAME,PUBCHEM_NAME_WITH_SMILES,Kd: 3.2 uM,3200,https://doi.org/10.1016/j.bmc.2010.03.074,https://pubmed.ncbi.nlm.nih.gov/20456958/,/projects/bentosprg6/linwx/research_project/data/task5/boltz_inputs/task5_0220.yaml
221,task5_0221,UTEXAS_10000813_R849,UTEXAS_10000813,10000813,IBA 4,DNA,76,(S)-ibuprofen,ligand,,PubChem,6919043,(S)-ibuprofen,PUBCHEM_NAME,PUBCHEM_NAME_WITH_SMILES,Kd: 1.5 uM,1500,https://doi.org/10.1016/j.bmc.2010.03.074,https://pubmed.ncbi.nlm.nih.gov/20456958/,/projects/bentosprg6/linwx/research_project/data/task5/boltz_inputs/task5_0221.yaml
222,task5_0222,UTEXAS_10000814_R850,UTEXAS_10000814,10000814,IBA 17,DNA,76,(S)-ibuprofen,ligand,,PubChem,6919043,(S)-ibuprofen,PUBCHEM_NAME,PUBCHEM_NAME_WITH_SMILES,Kd: 3.8 uM,3800,https://doi.org/10.1016/j.bmc.2010.03.074,https://pubmed.ncbi.nlm.nih.gov/20456958/,/projects/bentosprg6/linwx/research_project/data/task5/boltz_inputs/task5_0222.yaml
223,task5_0223,UTEXAS_10000818_R854,UTEXAS_10000818,10000818,Aptamer 7,DNA,80,Chloramphenicol (Cam),ligand,,PubChem,5959,Chloramphenicol,PUBCHEM_NAME,PUBCHEM_NAME_WITH_SMILES,Kd: 0.766 μM,766,https://doi.org/10.1016/j.jbiotec.2011.06.043,https://pubmed.ncbi.nlm.nih.gov/21839787/,/projects/bentosprg6/linwx/research_project/data/task5/boltz_inputs/task5_0223.yaml
224,task5_0224,UTEXAS_10000819_R855,UTEXAS_10000819,10000819,Aptamer 9,DNA,80,Chloramphenicol (Cam),ligand,,PubChem,5959,Chloramphenicol,PUBCHEM_NAME,PUBCHEM_NAME_WITH_SMILES,Kd: 20.03 μM,20030,https://doi.org/10.1016/j.jbiotec.2011.06.043,https://pubmed.ncbi.nlm.nih.gov/21839787/,/projects/bentosprg6/linwx/research_project/data/task5/boltz_inputs/task5_0224.yaml
225,task5_0225,UTEXAS_10000820_R856,UTEXAS_10000820,10000820,Aptamer 12,DNA,80,Chloramphenicol (Cam),ligand,,PubChem,5959,Chloramphenicol,PUBCHEM_NAME,PUBCHEM_NAME_WITH_SMILES,Kd: ~1.87e + 014 μM,,https://doi.org/10.1016/j.jbiotec.2011.06.043,https://pubmed.ncbi.nlm.nih.gov/21839787/,/projects/bentosprg6/linwx/research_project/data/task5/boltz_inputs/task5_0225.yaml
226,task5_0226,UTEXAS_10000821_R857,UTEXAS_10000821,10000821,Aptamer 16,DNA,80,Chloramphenicol (Cam),ligand,,PubChem,5959,Chloramphenicol,PUBCHEM_NAME,PUBCHEM_NAME_WITH_SMILES,Kd: 1.16 μM,11600,https://doi.org/10.1016/j.jbiotec.2011.06.043,https://pubmed.ncbi.nlm.nih.gov/21839787/,/projects/bentosprg6/linwx/research_project/data/task5/boltz_inputs/task5_0226.yaml
227,task5_0227,UTEXAS_10000822_R858,UTEXAS_10000822,10000822,Aptamer 20,DNA,80,Chloramphenicol (Cam),ligand,,PubChem,5959,Chloramphenicol,PUBCHEM_NAME,PUBCHEM_NAME_WITH_SMILES,Kd: 2.2 μM,2200,https://doi.org/10.1016/j.jbiotec.2011.06.043,https://pubmed.ncbi.nlm.nih.gov/21839787/,/projects/bentosprg6/linwx/research_project/data/task5/boltz_inputs/task5_0227.yaml
228,task5_0228,UTEXAS_10000823_R859,UTEXAS_10000823,10000823,Apt21‐2,RNA,96,Interleukin-17A (IL‐17A),protein,153,UniProt,Q687Y7,Interleukin-17A (IL-17) (IL-17A),UNIPROT_NAME_SCORE_2.000,STRONG_NAME_MATCH_1.000,Kd: 48.5 pM,0.0485,https://doi.org/10.1002/art.30108,https://pubmed.ncbi.nlm.nih.gov/20967861/,/projects/bentosprg6/linwx/research_project/data/task5/boltz_inputs/task5_0228.yaml
229,task5_0229,UTEXAS_10000841_R879,UTEXAS_10000841,10000841,#3,DNA,109,Bisphenol B (BPB),ligand,,PubChem,66166,Bisphenol B,PUBCHEM_NAME,PUBCHEM_NAME_WITH_SMILES,Kd: 139 mM,139000000,https://doi.org/10.1089/oli.2010.0267,https://pubmed.ncbi.nlm.nih.gov/21413891/,/projects/bentosprg6/linwx/research_project/data/task5/boltz_inputs/task5_0229.yaml
230,task5_0230,UTEXAS_10000841_R880,UTEXAS_10000841,10000841,#3,DNA,109,"4,4′-Bisphenol (BP)",ligand,,PubChem,7112,"4,4′-Bisphenol",PUBCHEM_NAME,PUBCHEM_NAME_WITH_SMILES,Kd: 139 mM,139000000,https://doi.org/10.1089/oli.2010.0267,https://pubmed.ncbi.nlm.nih.gov/21413891/,/projects/bentosprg6/linwx/research_project/data/task5/boltz_inputs/task5_0230.yaml
231,task5_0231,UTEXAS_10000878_R917,UTEXAS_10000878,10000878,D1,DNA,86,Digoxin,ligand,,PubChem,2724385,Digoxin,PUBCHEM_NAME,PUBCHEM_NAME_WITH_SMILES,Kd: 0.05 nM and 17.8 nM,0.05,https://doi.org/10.1016/j.aca.2012.08.025,https://pubmed.ncbi.nlm.nih.gov/23021809/,/projects/bentosprg6/linwx/research_project/data/task5/boltz_inputs/task5_0231.yaml
232,task5_0232,UTEXAS_10000879_R918,UTEXAS_10000879,10000879,D2,DNA,86,Digoxin,ligand,,PubChem,2724385,Digoxin,PUBCHEM_NAME,PUBCHEM_NAME_WITH_SMILES,Not reported,,https://doi.org/10.1016/j.aca.2012.08.025,https://pubmed.ncbi.nlm.nih.gov/23021809/,/projects/bentosprg6/linwx/research_project/data/task5/boltz_inputs/task5_0232.yaml
233,task5_0233,UTEXAS_10000880_R919,UTEXAS_10000880,10000880,D3,DNA,85,Digoxin,ligand,,PubChem,2724385,Digoxin,PUBCHEM_NAME,PUBCHEM_NAME_WITH_SMILES,Not reported,,https://doi.org/10.1016/j.aca.2012.08.025,https://pubmed.ncbi.nlm.nih.gov/23021809/,/projects/bentosprg6/linwx/research_project/data/task5/boltz_inputs/task5_0233.yaml
234,task5_0234,UTEXAS_10000881_R920,UTEXAS_10000881,10000881,Truncated D1,DNA,50,Digoxin,ligand,,PubChem,2724385,Digoxin,PUBCHEM_NAME,PUBCHEM_NAME_WITH_SMILES,Kd: 8.2 nM,8.2,https://doi.org/10.1016/j.aca.2012.08.025,https://pubmed.ncbi.nlm.nih.gov/23021809/,/projects/bentosprg6/linwx/research_project/data/task5/boltz_inputs/task5_0234.yaml
235,task5_0235,UTEXAS_10000882_R921,UTEXAS_10000882,10000882,Truncated D2,DNA,50,Digoxin,ligand,,PubChem,2724385,Digoxin,PUBCHEM_NAME,PUBCHEM_NAME_WITH_SMILES,Kd: 44.0 nM,44,https://doi.org/10.1016/j.aca.2012.08.025,https://pubmed.ncbi.nlm.nih.gov/23021809/,/projects/bentosprg6/linwx/research_project/data/task5/boltz_inputs/task5_0235.yaml
236,task5_0236,UTEXAS_10000883_R922,UTEXAS_10000883,10000883,AMP4,DNA,71,Ampicillin,ligand,,PubChem,6249,Ampicillin,PUBCHEM_NAME,PUBCHEM_NAME_WITH_SMILES,Kd: 9.4 nM,9.4,https://doi.org/10.1007/s00216-011-5662-3,https://pubmed.ncbi.nlm.nih.gov/22222912/,/projects/bentosprg6/linwx/research_project/data/task5/boltz_inputs/task5_0236.yaml
237,task5_0237,UTEXAS_10000884_R923,UTEXAS_10000884,10000884,AMP17,DNA,69,Ampicillin,ligand,,PubChem,6249,Ampicillin,PUBCHEM_NAME,PUBCHEM_NAME_WITH_SMILES,Kd: 13.4 nM,13.4,https://doi.org/10.1007/s00216-011-5662-3,https://pubmed.ncbi.nlm.nih.gov/22222912/,/projects/bentosprg6/linwx/research_project/data/task5/boltz_inputs/task5_0237.yaml
238,task5_0238,UTEXAS_10000886_R925,UTEXAS_10000886,10000886,HER2 aptamer (HB5),DNA,86,Epitope peptide of human epithelial growth factor receptor 2 (HER2),protein,1255,UniProt,P04626,Receptor tyrosine-protein kinase erbB-2 (EC 2.7.10.1) (Metastatic lymph node gene 19 protein) (MLN 19) (Proto-oncogene Neu) (Proto-oncogene c-ErbB-2) (Tyrosine kinase-type cell surface receptor HER2) (p185erbB2) (CD antigen CD340),UNIPROT_EXACT_GENE,UNIPROT_EXACT_GENE,Kd: 18.9 nM,18.9,https://doi.org/10.1186/1479-5876-10-148,https://pubmed.ncbi.nlm.nih.gov/22817844/,/projects/bentosprg6/linwx/research_project/data/task5/boltz_inputs/task5_0238.yaml
239,task5_0239,UTEXAS_10000886_R926,UTEXAS_10000886,10000886,HER2 aptamer (HB5),DNA,86,Extracellular domain (ECD) of human epithelial growth factor receptor 2 (HER2) protein,protein,644,UniProt,O95905,Protein ecdysoneless homolog (Human suppressor of GCR two) (hSGT1),UNIPROT_EXACT_GENE,UNIPROT_EXACT_GENE,Kd: 316 nM,316,https://doi.org/10.1186/1479-5876-10-148,https://pubmed.ncbi.nlm.nih.gov/22817844/,/projects/bentosprg6/linwx/research_project/data/task5/boltz_inputs/task5_0239.yaml
240,task5_0240,UTEXAS_10000898_R938,UTEXAS_10000898,10000898,OTC3,DNA,76,Oxytetracycline (OTC),ligand,,PubChem,54675779,Oxytetracycline,PUBCHEM_NAME,PUBCHEM_NAME_WITH_SMILES,Kd: 4.7 nM,4.7,http://doi.org/10.1016/j.bios.2013.08.003,https://pubmed.ncbi.nlm.nih.gov/24011458/,/projects/bentosprg6/linwx/research_project/data/task5/boltz_inputs/task5_0240.yaml
241,task5_0241,UTEXAS_10000903_R943,UTEXAS_10000903,10000903,R3,RNA,83,Prostate-specific antigen (PSA),protein,261,UniProt,P07288,Prostate-specific antigen (PSA) (EC 3.4.21.77) (Gamma-seminoprotein) (Seminin) (Kallikrein-3) (P-30 antigen) (Semenogelase),UNIPROT_NAME_SCORE_2.000,STRONG_NAME_MATCH_1.000,Kd: 8.7 nM,8.7,http://doi.org/10.1007/s00216-013-7350-y,https://pubmed.ncbi.nlm.nih.gov/24043377/,/projects/bentosprg6/linwx/research_project/data/task5/boltz_inputs/task5_0241.yaml
242,task5_0242,UTEXAS_10000904_R944,UTEXAS_10000904,10000904,S2,RNA,83,Prostate-specific antigen (PSA),protein,261,UniProt,P07288,Prostate-specific antigen (PSA) (EC 3.4.21.77) (Gamma-seminoprotein) (Seminin) (Kallikrein-3) (P-30 antigen) (Semenogelase),UNIPROT_NAME_SCORE_2.000,STRONG_NAME_MATCH_1.000,Kd: 6.3 nM,6.3,http://doi.org/10.1007/s00216-013-7350-y,https://pubmed.ncbi.nlm.nih.gov/24043377/,/projects/bentosprg6/linwx/research_project/data/task5/boltz_inputs/task5_0242.yaml
243,task5_0243,UTEXAS_10000908_R948,UTEXAS_10000908,10000908,"2′,4′-BNA/LNA (A#17)",DNA,70,"Thrombin, Human",protein,622,UniProt,P00734,Prothrombin (EC 3.4.21.5) (Coagulation factor II) [Cleaved into: Activation peptide fragment 1; Activation peptide fragment 2; Thrombin light chain; Thrombin heavy chain],UNIPROT_NAME_SCORE_2.000,STRONG_NAME_MATCH_1.000,Kd: 23nM,23,https://doi.org/10.1016/j.bmcl.2012.12.093,https://pubmed.ncbi.nlm.nih.gov/23374873/,/projects/bentosprg6/linwx/research_project/data/task5/boltz_inputs/task5_0243.yaml
244,task5_0244,UTEXAS_10000909_R949,UTEXAS_10000909,10000909,"2′,4′-BNA/LNA (A#18)",DNA,70,"Thrombin, Human",protein,622,UniProt,P00734,Prothrombin (EC 3.4.21.5) (Coagulation factor II) [Cleaved into: Activation peptide fragment 1; Activation peptide fragment 2; Thrombin light chain; Thrombin heavy chain],UNIPROT_NAME_SCORE_2.000,STRONG_NAME_MATCH_1.000,Kd: 27nM,27,https://doi.org/10.1016/j.bmcl.2012.12.093,https://pubmed.ncbi.nlm.nih.gov/23374873/,/projects/bentosprg6/linwx/research_project/data/task5/boltz_inputs/task5_0244.yaml
245,task5_0245,UTEXAS_10000910_R950,UTEXAS_10000910,10000910,"2′,4′-BNA/LNA (A#23)",DNA,70,"Thrombin, Human",protein,622,UniProt,P00734,Prothrombin (EC 3.4.21.5) (Coagulation factor II) [Cleaved into: Activation peptide fragment 1; Activation peptide fragment 2; Thrombin light chain; Thrombin heavy chain],UNIPROT_NAME_SCORE_2.000,STRONG_NAME_MATCH_1.000,Kd: 20nM,20,https://doi.org/10.1016/j.bmcl.2012.12.093,https://pubmed.ncbi.nlm.nih.gov/23374873/,/projects/bentosprg6/linwx/research_project/data/task5/boltz_inputs/task5_0245.yaml
246,task5_0246,UTEXAS_10000914_R955,UTEXAS_10000914,10000914,AIR-3A,RNA,65,"Interleukin-6 receptor (IL-6R), Human",protein,468,UniProt,P08887,Interleukin-6 receptor subunit alpha (IL-6 receptor subunit alpha) (IL-6R subunit alpha) (IL-6R-alpha) (IL-6RA) (IL-6R 1) (Membrane glycoprotein 80) (gp80) (CD antigen CD126) [Cleaved into: Soluble interleukin-6 receptor subunit alpha (sIL6R)],UNIPROT_EXACT_GENE,UNIPROT_EXACT_GENE,Kd: 23.1 ± 4.0 nM,23.1,http://doi.org/10.4161/rna.27447,https://pubmed.ncbi.nlm.nih.gov/24440854/,/projects/bentosprg6/linwx/research_project/data/task5/boltz_inputs/task5_0246.yaml
247,task5_0247,UTEXAS_10000918_R959,UTEXAS_10000918,10000918,OA34,DNA,60,Okadaic acid (OA),ligand,,PubChem,446512,Okadaic acid,PUBCHEM_NAME,PUBCHEM_NAME_WITH_SMILES,Kd: 77 nM,77,http://doi.org/10.1021/ac402220k,https://pubmed.ncbi.nlm.nih.gov/24164310/,/projects/bentosprg6/linwx/research_project/data/task5/boltz_inputs/task5_0247.yaml
248,task5_0248,UTEXAS_10000924_R965,UTEXAS_10000924,10000924,A1,DNA,80,Ara h 1 (peanut allergen),protein,626,UniProt,P43238,Allergen Ara h 1.0101 (Allergen Ara h I) (allergen Ara h 1),UNIPROT_NAME_SCORE_2.000,STRONG_NAME_MATCH_0.667,Kd: 419 ± 63 nM,419,http://doi.org/10.1016/j.bios.2012.12.022,https://pubmed.ncbi.nlm.nih.gov/23318547/,/projects/bentosprg6/linwx/research_project/data/task5/boltz_inputs/task5_0248.yaml
249,task5_0249,UTEXAS_10000925_R966,UTEXAS_10000925,10000925,A2,DNA,80,Ara h 1 (peanut allergen),protein,626,UniProt,P43238,Allergen Ara h 1.0101 (Allergen Ara h I) (allergen Ara h 1),UNIPROT_NAME_SCORE_2.000,STRONG_NAME_MATCH_0.667,Not reported,,http://doi.org/10.1016/j.bios.2012.12.022,https://pubmed.ncbi.nlm.nih.gov/23318547/,/projects/bentosprg6/linwx/research_project/data/task5/boltz_inputs/task5_0249.yaml
250,task5_0250,UTEXAS_10000926_R967,UTEXAS_10000926,10000926,A3,DNA,80,Ara h 1 (peanut allergen),protein,626,UniProt,P43238,Allergen Ara h 1.0101 (Allergen Ara h I) (allergen Ara h 1),UNIPROT_NAME_SCORE_2.000,STRONG_NAME_MATCH_0.667,Not reported,,http://doi.org/10.1016/j.bios.2012.12.022,https://pubmed.ncbi.nlm.nih.gov/23318547/,/projects/bentosprg6/linwx/research_project/data/task5/boltz_inputs/task5_0250.yaml
251,task5_0251,UTEXAS_10000927_R968,UTEXAS_10000927,10000927,A4,DNA,80,Ara h 1 (peanut allergen),protein,626,UniProt,P43238,Allergen Ara h 1.0101 (Allergen Ara h I) (allergen Ara h 1),UNIPROT_NAME_SCORE_2.000,STRONG_NAME_MATCH_0.667,Kd: 1770 ± 140 nM,1770,http://doi.org/10.1016/j.bios.2012.12.022,https://pubmed.ncbi.nlm.nih.gov/23318547/,/projects/bentosprg6/linwx/research_project/data/task5/boltz_inputs/task5_0251.yaml
252,task5_0252,UTEXAS_10000928_R969,UTEXAS_10000928,10000928,A5,DNA,80,Ara h 1 (peanut allergen),protein,626,UniProt,P43238,Allergen Ara h 1.0101 (Allergen Ara h I) (allergen Ara h 1),UNIPROT_NAME_SCORE_2.000,STRONG_NAME_MATCH_0.667,Not reported,,http://doi.org/10.1016/j.bios.2012.12.022,https://pubmed.ncbi.nlm.nih.gov/23318547/,/projects/bentosprg6/linwx/research_project/data/task5/boltz_inputs/task5_0252.yaml
253,task5_0253,UTEXAS_10000929_R970,UTEXAS_10000929,10000929,A6,DNA,80,Ara h 1 (peanut allergen),protein,626,UniProt,P43238,Allergen Ara h 1.0101 (Allergen Ara h I) (allergen Ara h 1),UNIPROT_NAME_SCORE_2.000,STRONG_NAME_MATCH_0.667,Kd: 1210 ± 60 nM,1210,http://doi.org/10.1016/j.bios.2012.12.022,https://pubmed.ncbi.nlm.nih.gov/23318547/,/projects/bentosprg6/linwx/research_project/data/task5/boltz_inputs/task5_0253.yaml
254,task5_0254,UTEXAS_10000930_R971,UTEXAS_10000930,10000930,A7,DNA,80,Ara h 1 (peanut allergen),protein,626,UniProt,P43238,Allergen Ara h 1.0101 (Allergen Ara h I) (allergen Ara h 1),UNIPROT_NAME_SCORE_2.000,STRONG_NAME_MATCH_0.667,Not reported,,http://doi.org/10.1016/j.bios.2012.12.022,https://pubmed.ncbi.nlm.nih.gov/23318547/,/projects/bentosprg6/linwx/research_project/data/task5/boltz_inputs/task5_0254.yaml
255,task5_0255,UTEXAS_10000957_R998,UTEXAS_10000957,10000957,N8,DNA,81,N-glycolylneuraminic acid (Neu5Gc),ligand,,PubChem,440001,N-glycolylneuraminic acid,PUBCHEM_NAME,PUBCHEM_NAME_WITH_SMILES,Kd: 6.68 nM,6.68,http://doi.org/10.1016/j.bios.2013.05.024,https://pubmed.ncbi.nlm.nih.gov/23777704/,/projects/bentosprg6/linwx/research_project/data/task5/boltz_inputs/task5_0255.yaml
256,task5_0256,UTEXAS_10000958_R999,UTEXAS_10000958,10000958,N14,DNA,81,N-glycolylneuraminic acid (Neu5Gc),ligand,,PubChem,440001,N-glycolylneuraminic acid,PUBCHEM_NAME,PUBCHEM_NAME_WITH_SMILES,Kd: 6.13 nM,6.13,http://doi.org/10.1016/j.bios.2013.05.024,https://pubmed.ncbi.nlm.nih.gov/23777704/,/projects/bentosprg6/linwx/research_project/data/task5/boltz_inputs/task5_0256.yaml
257,task5_0257,UTEXAS_10000959_R1000,UTEXAS_10000959,10000959,N17,DNA,80,N-glycolylneuraminic acid (Neu5Gc),ligand,,PubChem,440001,N-glycolylneuraminic acid,PUBCHEM_NAME,PUBCHEM_NAME_WITH_SMILES,Kd: 4.58 nM,4.58,http://doi.org/10.1016/j.bios.2013.05.024,https://pubmed.ncbi.nlm.nih.gov/23777704/,/projects/bentosprg6/linwx/research_project/data/task5/boltz_inputs/task5_0257.yaml
258,task5_0258,UTEXAS_10000960_R1001,UTEXAS_10000960,10000960,N32,DNA,81,N-glycolylneuraminic acid (Neu5Gc),ligand,,PubChem,440001,N-glycolylneuraminic acid,PUBCHEM_NAME,PUBCHEM_NAME_WITH_SMILES,Kd: 6.49 nM,6.49,http://doi.org/10.1016/j.bios.2013.05.024,https://pubmed.ncbi.nlm.nih.gov/23777704/,/projects/bentosprg6/linwx/research_project/data/task5/boltz_inputs/task5_0258.yaml
259,task5_0259,UTEXAS_10000961_R1002,UTEXAS_10000961,10000961,N20,DNA,81,N-glycolylneuraminic acid (Neu5Gc),ligand,,PubChem,440001,N-glycolylneuraminic acid,PUBCHEM_NAME,PUBCHEM_NAME_WITH_SMILES,Kd: 73.3 nM,73.3,http://doi.org/10.1016/j.bios.2013.05.024,https://pubmed.ncbi.nlm.nih.gov/23777704/,/projects/bentosprg6/linwx/research_project/data/task5/boltz_inputs/task5_0259.yaml
260,task5_0260,UTEXAS_10000964_R1007,UTEXAS_10000964,10000964,C2,DNA,67,CD30,protein,234,UniProt,P32971,Tumor necrosis factor ligand superfamily member 8 (CD30 ligand) (CD30-L) (CD antigen CD153),UNIPROT_NAME_SCORE_2.000,STRONG_NAME_MATCH_1.000,Not reported,,https://doi.org/10.1016/j.biomaterials.2013.07.099,https://pubmed.ncbi.nlm.nih.gov/23968853/,/projects/bentosprg6/linwx/research_project/data/task5/boltz_inputs/task5_0260.yaml
261,task5_0261,UTEXAS_10000981_R1024,UTEXAS_10000981,10000981,AptER-1,RNA,65,Estrogen receptor alpha (ERα),protein,1023,UniProt,Q86YN6,Peroxisome proliferator-activated receptor gamma coactivator 1-beta (PGC-1-beta) (PPAR-gamma coactivator 1-beta) (PPARGC-1-beta) (PGC-1-related estrogen receptor alpha coactivator),UNIPROT_NAME_SCORE_2.000,STRONG_NAME_MATCH_0.750,Kd:16 nM,16,https://doi.org/10.1089/nat.2013.0474,https://pubmed.ncbi.nlm.nih.gov/24588102/,/projects/bentosprg6/linwx/research_project/data/task5/boltz_inputs/task5_0261.yaml
262,task5_0262,UTEXAS_10000982_R1025,UTEXAS_10000982,10000982,AptER-2,RNA,97,Estrogen receptor alpha (ERα),protein,1023,UniProt,Q86YN6,Peroxisome proliferator-activated receptor gamma coactivator 1-beta (PGC-1-beta) (PPAR-gamma coactivator 1-beta) (PPARGC-1-beta) (PGC-1-related estrogen receptor alpha coactivator),UNIPROT_NAME_SCORE_2.000,STRONG_NAME_MATCH_0.750,Kd: 21 nM,21,https://doi.org/10.1089/nat.2013.0474,https://pubmed.ncbi.nlm.nih.gov/24588102/,/projects/bentosprg6/linwx/research_project/data/task5/boltz_inputs/task5_0262.yaml
263,task5_0263,UTEXAS_10000983_R1026,UTEXAS_10000983,10000983,AptER-3,RNA,101,Estrogen receptor alpha (ERα),protein,1023,UniProt,Q86YN6,Peroxisome proliferator-activated receptor gamma coactivator 1-beta (PGC-1-beta) (PPAR-gamma coactivator 1-beta) (PPARGC-1-beta) (PGC-1-related estrogen receptor alpha coactivator),UNIPROT_NAME_SCORE_2.000,STRONG_NAME_MATCH_0.750,Kd: 30 nM,30,https://doi.org/10.1089/nat.2013.0474,https://pubmed.ncbi.nlm.nih.gov/24588102/,/projects/bentosprg6/linwx/research_project/data/task5/boltz_inputs/task5_0263.yaml
264,task5_0264,UTEXAS_10000993_R1036,UTEXAS_10000993,10000993,S-18,DNA,49,Acetamiprid,ligand,,PubChem,213021,Acetamiprid,PUBCHEM_NAME,PUBCHEM_NAME_WITH_SMILES,Kd: 4.98 μM,4.98,https://doi.org/10.1021/ac5028726,https://pubmed.ncbi.nlm.nih.gov/25340286/,/projects/bentosprg6/linwx/research_project/data/task5/boltz_inputs/task5_0264.yaml
265,task5_0265,UTEXAS_10000999_R1042,UTEXAS_10000999,10000999,Apt1,RNA,74,"Glygoprotein 2 (GP2), Mouse",protein,531,UniProt,Q9D733,Pancreatic secretory granule membrane major glycoprotein GP2 (Pancreatic zymogen granule membrane protein GP-2),UNIPROT_EXACT_GENE,UNIPROT_EXACT_GENE,Kd: 110 ± 2.6 nM,110,https://doi.org/10.1247/csf.13019,https://pubmed.ncbi.nlm.nih.gov/24334484/,/projects/bentosprg6/linwx/research_project/data/task5/boltz_inputs/task5_0265.yaml
266,task5_0266,UTEXAS_10001003_R1046,UTEXAS_10001003,10001003,Cd-4,DNA,68,Cadmium (II),ligand,,PubChem,23973,Cadmium,PUBCHEM_NAME,PUBCHEM_NAME_WITH_SMILES,Kd: 34.5 nM,34.5,https://doi.org/10.1039/c3an02117c,https://pubmed.ncbi.nlm.nih.gov/24496116/,/projects/bentosprg6/linwx/research_project/data/task5/boltz_inputs/task5_0266.yaml
267,task5_0267,UTEXAS_10001010_R1053,UTEXAS_10001010,10001010,A08,DNA,76,Ochratoxin A (OTA),ligand,,PubChem,442530,Ochratoxin A,PUBCHEM_NAME,PUBCHEM_NAME_WITH_SMILES,Kd: 290 ± 150 nM,290,https://doi.org/10.3390/toxins6082435,https://pubmed.ncbi.nlm.nih.gov/25153252/,/projects/bentosprg6/linwx/research_project/data/task5/boltz_inputs/task5_0267.yaml
268,task5_0268,UTEXAS_10001011_R1054,UTEXAS_10001011,10001011,B08,DNA,76,Ochratoxin A (OTA),ligand,,PubChem,442530,Ochratoxin A,PUBCHEM_NAME,PUBCHEM_NAME_WITH_SMILES,Kd: 110 ± 50 nM,110,https://doi.org/10.3390/toxins6082435,https://pubmed.ncbi.nlm.nih.gov/25153252/,/projects/bentosprg6/linwx/research_project/data/task5/boltz_inputs/task5_0268.yaml
269,task5_0269,UTEXAS_10001055_R1098,UTEXAS_10001055,10001055,Q1,DNA,97,Fluoroquinolones,protein,237,UniProt,P9WJB1,Fluoroquinolones export permease protein Rv2687c,UNIPROT_NAME_SCORE_2.000,STRONG_NAME_MATCH_1.000,Kd: 56.9 ± 11.3 nM,56.9,https://doi.org/10.1016/j.bios.2015.10.069,https://pubmed.ncbi.nlm.nih.gov/26547431/,/projects/bentosprg6/linwx/research_project/data/task5/boltz_inputs/task5_0269.yaml
270,task5_0270,UTEXAS_10001056_R1099,UTEXAS_10001056,10001056,Q2,DNA,98,Fluoroquinolones,protein,237,UniProt,P9WJB1,Fluoroquinolones export permease protein Rv2687c,UNIPROT_NAME_SCORE_2.000,STRONG_NAME_MATCH_1.000,Kd: 0.11 ± 0.06 nM,0.11,https://doi.org/10.1016/j.bios.2015.10.069,https://pubmed.ncbi.nlm.nih.gov/26547431/,/projects/bentosprg6/linwx/research_project/data/task5/boltz_inputs/task5_0270.yaml
271,task5_0271,UTEXAS_10001057_R1100,UTEXAS_10001057,10001057,Q8,DNA,98,Fluoroquinolones,protein,237,UniProt,P9WJB1,Fluoroquinolones export permease protein Rv2687c,UNIPROT_NAME_SCORE_2.000,STRONG_NAME_MATCH_1.000,Kd: 0.20 ± 0.09 nM,0.2,https://doi.org/10.1016/j.bios.2015.10.069,https://pubmed.ncbi.nlm.nih.gov/26547431/,/projects/bentosprg6/linwx/research_project/data/task5/boltz_inputs/task5_0271.yaml
272,task5_0272,UTEXAS_10001060_R1103,UTEXAS_10001060,10001060,DNA01,DNA,76,Palladium ion,ligand,,PubChem,105144,Palladium ion,PUBCHEM_NAME,PUBCHEM_NAME_WITH_SMILES,Kd: 4.60 ± 1.17 μM,4600,https://doi.org/10.1016/j.bmcl.2015.10.056,https://pubmed.ncbi.nlm.nih.gov/26514743/,/projects/bentosprg6/linwx/research_project/data/task5/boltz_inputs/task5_0272.yaml
273,task5_0273,UTEXAS_10001061_R1104,UTEXAS_10001061,10001061,DNA02,DNA,76,Palladium ion,ligand,,PubChem,105144,Palladium ion,PUBCHEM_NAME,PUBCHEM_NAME_WITH_SMILES,Not reported,,https://doi.org/10.1016/j.bmcl.2015.10.056,https://pubmed.ncbi.nlm.nih.gov/26514743/,/projects/bentosprg6/linwx/research_project/data/task5/boltz_inputs/task5_0273.yaml
274,task5_0274,UTEXAS_10001062_R1105,UTEXAS_10001062,10001062,DNA04,DNA,76,Palladium ion,ligand,,PubChem,105144,Palladium ion,PUBCHEM_NAME,PUBCHEM_NAME_WITH_SMILES,Not reported,,https://doi.org/10.1016/j.bmcl.2015.10.056,https://pubmed.ncbi.nlm.nih.gov/26514743/,/projects/bentosprg6/linwx/research_project/data/task5/boltz_inputs/task5_0274.yaml
275,task5_0275,UTEXAS_10001063_R1106,UTEXAS_10001063,10001063,AP273,DNA,75,Alpha-fetoprotein (AFP),protein,609,UniProt,P02771,Alpha-fetoprotein (Alpha-1-fetoprotein) (Alpha-fetoglobulin),UNIPROT_NAME_SCORE_2.000,STRONG_NAME_MATCH_0.667,Kd: 17.41 ± 4.32 nM ,500,https://doi.org/10.1038/srep15552 ,https://pubmed.ncbi.nlm.nih.gov/26497223/,/projects/bentosprg6/linwx/research_project/data/task5/boltz_inputs/task5_0275.yaml
276,task5_0276,UTEXAS_10001064_R1107,UTEXAS_10001064,10001064,AP244,DNA,115,Alpha-fetoprotein (AFP),protein,609,UniProt,P02771,Alpha-fetoprotein (Alpha-1-fetoprotein) (Alpha-fetoglobulin),UNIPROT_NAME_SCORE_2.000,STRONG_NAME_MATCH_0.667,Kd: 4.8 μM,4800,https://doi.org/10.1038/srep15552 ,https://pubmed.ncbi.nlm.nih.gov/26497223/,/projects/bentosprg6/linwx/research_project/data/task5/boltz_inputs/task5_0276.yaml
277,task5_0277,UTEXAS_10001065_R1108,UTEXAS_10001065,10001065,AP206,DNA,115,Alpha-fetoprotein (AFP),protein,609,UniProt,P02771,Alpha-fetoprotein (Alpha-1-fetoprotein) (Alpha-fetoglobulin),UNIPROT_NAME_SCORE_2.000,STRONG_NAME_MATCH_0.667,Not reported,,https://doi.org/10.1038/srep15552 ,https://pubmed.ncbi.nlm.nih.gov/26497223/,/projects/bentosprg6/linwx/research_project/data/task5/boltz_inputs/task5_0277.yaml
278,task5_0278,UTEXAS_10001066_R1109,UTEXAS_10001066,10001066,AP250,DNA,115,Alpha-fetoprotein (AFP),protein,609,UniProt,P02771,Alpha-fetoprotein (Alpha-1-fetoprotein) (Alpha-fetoglobulin),UNIPROT_NAME_SCORE_2.000,STRONG_NAME_MATCH_0.667,Not reported,,https://doi.org/10.1038/srep15552 ,https://pubmed.ncbi.nlm.nih.gov/26497223/,/projects/bentosprg6/linwx/research_project/data/task5/boltz_inputs/task5_0278.yaml
279,task5_0279,UTEXAS_10001067_R1110,UTEXAS_10001067,10001067,AP211,DNA,115,Alpha-fetoprotein (AFP),protein,609,UniProt,P02771,Alpha-fetoprotein (Alpha-1-fetoprotein) (Alpha-fetoglobulin),UNIPROT_NAME_SCORE_2.000,STRONG_NAME_MATCH_0.667,Not reported,,https://doi.org/10.1038/srep15552 ,https://pubmed.ncbi.nlm.nih.gov/26497223/,/projects/bentosprg6/linwx/research_project/data/task5/boltz_inputs/task5_0279.yaml
280,task5_0280,UTEXAS_10001090_R1133,UTEXAS_10001090,10001090,A1,DNA,73,Beta-Site amyloid precursor protein cleaving enzyme 1 (BACE1),protein,501,UniProt,P56817,Beta-secretase 1 (EC 3.4.23.46) (Aspartyl protease 2) (ASP2) (Asp 2) (Beta-site amyloid precursor protein cleaving enzyme 1) (Beta-site APP cleaving enzyme 1) (Memapsin-2) (Membrane-associated aspartic protease 2),UNIPROT_NAME_SCORE_2.000,STRONG_NAME_MATCH_0.857,Kd: 68.5655 ± 8.1237 nM,68.5655,https://doi.org/10.1371/journal.pone.0140733,https://pubmed.ncbi.nlm.nih.gov/26473367/,/projects/bentosprg6/linwx/research_project/data/task5/boltz_inputs/task5_0280.yaml
281,task5_0281,UTEXAS_10001091_R1134,UTEXAS_10001091,10001091,A4,DNA,73,Beta-Site amyloid precursor protein cleaving enzyme 1 (BACE1),protein,501,UniProt,P56817,Beta-secretase 1 (EC 3.4.23.46) (Aspartyl protease 2) (ASP2) (Asp 2) (Beta-site amyloid precursor protein cleaving enzyme 1) (Beta-site APP cleaving enzyme 1) (Memapsin-2) (Membrane-associated aspartic protease 2),UNIPROT_NAME_SCORE_2.000,STRONG_NAME_MATCH_0.857,Kd: 15.3497 ± 2.0262 nM,15.3497,https://doi.org/10.1371/journal.pone.0140733,https://pubmed.ncbi.nlm.nih.gov/26473367/,/projects/bentosprg6/linwx/research_project/data/task5/boltz_inputs/task5_0281.yaml
282,task5_0282,UTEXAS_10001101_R1144,UTEXAS_10001101,10001101,ABA1 (Ang2-binding aptamer 1),DNA,80,"Angiopoietin-2 (Ang2), Human",protein,782,UniProt,Q9UID3,Vacuolar protein sorting-associated protein 51 homolog (Another new gene 2 protein) (Protein fat-free homolog),UNIPROT_EXACT_GENE,UNIPROT_EXACT_GENE,Kd: 20.5 ± 7.33 nM,20.5,https://doi.org/10.1021/ac504076k,https://pubmed.ncbi.nlm.nih.gov/25495696/,/projects/bentosprg6/linwx/research_project/data/task5/boltz_inputs/task5_0282.yaml
283,task5_0283,UTEXAS_10001102_R1145,UTEXAS_10001102,10001102,ABA65,DNA,80,"Angiopoietin-2 (Ang2), Human",protein,782,UniProt,Q9UID3,Vacuolar protein sorting-associated protein 51 homolog (Another new gene 2 protein) (Protein fat-free homolog),UNIPROT_EXACT_GENE,UNIPROT_EXACT_GENE,Kd: 37.6 ± 5.92 nM,37.6,https://doi.org/10.1021/ac504076k,https://pubmed.ncbi.nlm.nih.gov/25495696/,/projects/bentosprg6/linwx/research_project/data/task5/boltz_inputs/task5_0283.yaml
284,task5_0284,UTEXAS_10001131_R1174,UTEXAS_10001131,10001131,Bap5,DNA,85,Brevetoxin-2 (BTX-2),ligand,,PubChem,10865865,Brevetoxin-2,PUBCHEM_NAME,PUBCHEM_NAME_WITH_SMILES,Kd: 4830 nM,4830,https://doi.org/10.1155/2016/9241860,https://pubmed.ncbi.nlm.nih.gov/28058132/,/projects/bentosprg6/linwx/research_project/data/task5/boltz_inputs/task5_0284.yaml
285,task5_0285,UTEXAS_10001132_R1175,UTEXAS_10001132,10001132,AFLA5,DNA,80,Aflatoxin B1 (AFB1),protein,331,UniProt,Q8NHP1,Aflatoxin B1 aldehyde reductase member 4 (EC 1.-.-.-) (AFB1 aldehyde reductase 3) (AFB1-AR 3) (Aldoketoreductase 7-like),UNIPROT_NAME_SCORE_2.000,STRONG_NAME_MATCH_1.000,Kd: 50.45 ± 11.06 nM,50.45,https://doi.org/10.3389/fmicb.2016.01909,https://pubmed.ncbi.nlm.nih.gov/27990137/,/projects/bentosprg6/linwx/research_project/data/task5/boltz_inputs/task5_0285.yaml
286,task5_0286,UTEXAS_10001133_R1176,UTEXAS_10001133,10001133,AFLA53,DNA,80,Aflatoxin B1 (AFB1),protein,331,UniProt,Q8NHP1,Aflatoxin B1 aldehyde reductase member 4 (EC 1.-.-.-) (AFB1 aldehyde reductase 3) (AFB1-AR 3) (Aldoketoreductase 7-like),UNIPROT_NAME_SCORE_2.000,STRONG_NAME_MATCH_1.000,Kd: 48.29 ± 9.45 nm,48.29,https://doi.org/10.3389/fmicb.2016.01909,https://pubmed.ncbi.nlm.nih.gov/27990137/,/projects/bentosprg6/linwx/research_project/data/task5/boltz_inputs/task5_0286.yaml
287,task5_0287,UTEXAS_10001134_R1177,UTEXAS_10001134,10001134,AFLA71,DNA,80,Aflatoxin B1 (AFB1),protein,331,UniProt,Q8NHP1,Aflatoxin B1 aldehyde reductase member 4 (EC 1.-.-.-) (AFB1 aldehyde reductase 3) (AFB1-AR 3) (Aldoketoreductase 7-like),UNIPROT_NAME_SCORE_2.000,STRONG_NAME_MATCH_1.000,Kd: 85.02 ± 25.74 nM,85.02,https://doi.org/10.3389/fmicb.2016.01909,https://pubmed.ncbi.nlm.nih.gov/27990137/,/projects/bentosprg6/linwx/research_project/data/task5/boltz_inputs/task5_0287.yaml
288,task5_0288,UTEXAS_10001141_R1184,UTEXAS_10001141,10001141,ER_Apt1,DNA,76,Estrogen receptor alpha (ERα),protein,1023,UniProt,Q86YN6,Peroxisome proliferator-activated receptor gamma coactivator 1-beta (PGC-1-beta) (PPAR-gamma coactivator 1-beta) (PPARGC-1-beta) (PGC-1-related estrogen receptor alpha coactivator),UNIPROT_NAME_SCORE_2.000,STRONG_NAME_MATCH_0.750,Kd: 1.15 ± 1.01 × 10^-8 M−1,11.5,https://doi.org/10.1016/j.trsl.2016.12.008,https://pubmed.ncbi.nlm.nih.gov/28087261/,/projects/bentosprg6/linwx/research_project/data/task5/boltz_inputs/task5_0288.yaml
289,task5_0289,UTEXAS_10001142_R1185,UTEXAS_10001142,10001142,ER_Apt2,DNA,76,Estrogen receptor alpha (ERα),protein,1023,UniProt,Q86YN6,Peroxisome proliferator-activated receptor gamma coactivator 1-beta (PGC-1-beta) (PPAR-gamma coactivator 1-beta) (PPARGC-1-beta) (PGC-1-related estrogen receptor alpha coactivator),UNIPROT_NAME_SCORE_2.000,STRONG_NAME_MATCH_0.750,Not reported,,https://doi.org/10.1016/j.trsl.2016.12.008,https://pubmed.ncbi.nlm.nih.gov/28087261/,/projects/bentosprg6/linwx/research_project/data/task5/boltz_inputs/task5_0289.yaml
290,task5_0290,UTEXAS_10001143_R1186,UTEXAS_10001143,10001143,ER_Apt3,DNA,76,Estrogen receptor alpha (ERα),protein,1023,UniProt,Q86YN6,Peroxisome proliferator-activated receptor gamma coactivator 1-beta (PGC-1-beta) (PPAR-gamma coactivator 1-beta) (PPARGC-1-beta) (PGC-1-related estrogen receptor alpha coactivator),UNIPROT_NAME_SCORE_2.000,STRONG_NAME_MATCH_0.750,Not reported,,https://doi.org/10.1016/j.trsl.2016.12.008,https://pubmed.ncbi.nlm.nih.gov/28087261/,/projects/bentosprg6/linwx/research_project/data/task5/boltz_inputs/task5_0290.yaml
291,task5_0291,UTEXAS_10001144_R1187,UTEXAS_10001144,10001144,ER_Apt4,DNA,76,Estrogen receptor alpha (ERα),protein,1023,UniProt,Q86YN6,Peroxisome proliferator-activated receptor gamma coactivator 1-beta (PGC-1-beta) (PPAR-gamma coactivator 1-beta) (PPARGC-1-beta) (PGC-1-related estrogen receptor alpha coactivator),UNIPROT_NAME_SCORE_2.000,STRONG_NAME_MATCH_0.750,Not reported,,https://doi.org/10.1016/j.trsl.2016.12.008,https://pubmed.ncbi.nlm.nih.gov/28087261/,/projects/bentosprg6/linwx/research_project/data/task5/boltz_inputs/task5_0291.yaml
292,task5_0292,UTEXAS_10001152_R1196,UTEXAS_10001152,10001152,Aptamer 2,DNA,81,Rhesus (Rh) D antigen,protein,417,UniProt,Q02161,Blood group Rh(D) polypeptide (RHXIII) (Rh polypeptide 2) (RhPII) (Rhesus D antigen) (CD antigen CD240D),UNIPROT_NAME_SCORE_2.000,STRONG_NAME_MATCH_1.000,Kd: 51.46 ±14.90 nM,51.46,https://doi.org/10.2450/2016.0123-16,https://pubmed.ncbi.nlm.nih.gov/27893356/,/projects/bentosprg6/linwx/research_project/data/task5/boltz_inputs/task5_0292.yaml
293,task5_0293,UTEXAS_10001153_R1197,UTEXAS_10001153,10001153,Aptamer 8,DNA,78,Rhesus (Rh) D antigen,protein,417,UniProt,Q02161,Blood group Rh(D) polypeptide (RHXIII) (Rh polypeptide 2) (RhPII) (Rhesus D antigen) (CD antigen CD240D),UNIPROT_NAME_SCORE_2.000,STRONG_NAME_MATCH_1.000,Kd: 403.70 ± 71.47 nM ,403.7,https://doi.org/10.2450/2016.0123-16,https://pubmed.ncbi.nlm.nih.gov/27893356/,/projects/bentosprg6/linwx/research_project/data/task5/boltz_inputs/task5_0293.yaml
294,task5_0294,UTEXAS_10001154_R1198,UTEXAS_10001154,10001154,Aptamer 7,DNA,81,Rhesus (Rh) D antigen,protein,417,UniProt,Q02161,Blood group Rh(D) polypeptide (RHXIII) (Rh polypeptide 2) (RhPII) (Rhesus D antigen) (CD antigen CD240D),UNIPROT_NAME_SCORE_2.000,STRONG_NAME_MATCH_1.000,Kd: 543.30 ± 92.59 nM,543.3,https://doi.org/10.2450/2016.0123-16,https://pubmed.ncbi.nlm.nih.gov/27893356/,/projects/bentosprg6/linwx/research_project/data/task5/boltz_inputs/task5_0294.yaml
295,task5_0295,UTEXAS_10001162_R1206,UTEXAS_10001162,10001162,P37,DNA,97,Penicillin G,ligand,,PubChem,5904,Penicillin G,PUBCHEM_NAME,PUBCHEM_NAME_WITH_SMILES,Not reported,,https://doi.org/10.1016/j.talanta.2016.09.058,https://pubmed.ncbi.nlm.nih.gov/27837823/,/projects/bentosprg6/linwx/research_project/data/task5/boltz_inputs/task5_0295.yaml
296,task5_0296,UTEXAS_10001166_R1210,UTEXAS_10001166,10001166,#5,DNA,79,Chloramphenicol (CAP),ligand,,PubChem,5959,Chloramphenicol,PUBCHEM_NAME,PUBCHEM_NAME_WITH_SMILES,Kd: 32.24 ± 8.19 nM,32,https://doi.org/10.1007/s12010-016-2193-6,https://pubmed.ncbi.nlm.nih.gov/27613616/,/projects/bentosprg6/linwx/research_project/data/task5/boltz_inputs/task5_0296.yaml
297,task5_0297,UTEXAS_10001167_R1211,UTEXAS_10001167,10001167,#4,DNA,80,Chloramphenicol (CAP),ligand,,PubChem,5959,Chloramphenicol,PUBCHEM_NAME,PUBCHEM_NAME_WITH_SMILES,Kd: 101.62 ± 11.1 nM,101.62,https://doi.org/10.1007/s12010-016-2193-6,https://pubmed.ncbi.nlm.nih.gov/27613616/,/projects/bentosprg6/linwx/research_project/data/task5/boltz_inputs/task5_0297.yaml
298,task5_0298,UTEXAS_10001183_R1227,UTEXAS_10001183,10001183,RAC-6,DNA,80,Ractopamine (RAC),ligand,,PubChem,56052,Ractopamine,PUBCHEM_NAME,PUBCHEM_NAME_WITH_SMILES,Kd: 54.22 ± 8.02 nM,54.22,https://doi.org/10.1016/j.aca.2017.01.008,https://pubmed.ncbi.nlm.nih.gov/28224901/,/projects/bentosprg6/linwx/research_project/data/task5/boltz_inputs/task5_0298.yaml
299,task5_0299,UTEXAS_10001185_R1229,UTEXAS_10001185,10001185,GR-3,DNA,81,Glucagon receptor (GCGR),protein,477,UniProt,P47871,Glucagon receptor (GL-R),UNIPROT_NAME_SCORE_2.000,STRONG_NAME_MATCH_0.667,Kd: 52.7 ± 5.1 nM,52.7,https://doi.org/10.1038/s41598-017-05840-w,https://pubmed.ncbi.nlm.nih.gov/28775305/,/projects/bentosprg6/linwx/research_project/data/task5/boltz_inputs/task5_0299.yaml
300,task5_0300,UTEXAS_10001186_R1230,UTEXAS_10001186,10001186,C10K2,DNA,70,"Osteoponin (OPN), Human",protein,314,UniProt,P10451,Osteopontin (Bone sialoprotein 1) (Nephropontin) (Secreted phosphoprotein 1) (SPP-1) (Urinary stone protein) (Uropontin),UNIPROT_EXACT_GENE,UNIPROT_EXACT_GENE,Kd: <2.5 nM,2.5,https://doi.org/10.1016/j.aca.2017.07.071,https://pubmed.ncbi.nlm.nih.gov/28916037/,/projects/bentosprg6/linwx/research_project/data/task5/boltz_inputs/task5_0300.yaml
301,task5_0301,UTEXAS_10001187_R1231,UTEXAS_10001187,10001187,BBA1,DNA,60,Benzylpenicillin (penicillin G),ligand,,PubChem,5904,Benzylpenicillin,PUBCHEM_NAME,PUBCHEM_NAME_WITH_SMILES,Kd: 383.4 nM,383,https://doi.org/10.1016/j.ab.2017.05.013,https://pubmed.ncbi.nlm.nih.gov/28522308/,/projects/bentosprg6/linwx/research_project/data/task5/boltz_inputs/task5_0301.yaml
302,task5_0302,UTEXAS_10001194_R1238,UTEXAS_10001194,10001194,G-ap49,DNA,76,Gremlin-1,protein,184,UniProt,O73755,Gremlin-1,UNIPROT_NAME_SCORE_2.000,STRONG_NAME_MATCH_1.000,Kd: 2.6 ± 0.4 nM,2.6,https://doi.org/10.3390/molecules22050706,https://pubmed.ncbi.nlm.nih.gov/28452949/,/projects/bentosprg6/linwx/research_project/data/task5/boltz_inputs/task5_0302.yaml
303,task5_0303,UTEXAS_10001196_R1240,UTEXAS_10001196,10001196,Ep1,DNA,90,Epithelial cell adhesion molecule (EpCAM),protein,315,UniProt,O55159,Epithelial cell adhesion molecule (Ep-CAM) (Epithelial glycoprotein 314) (EGP314) (Protein D5.7A) (Tumor-associated calcium signal transducer 1) (CD antigen CD326),UNIPROT_NAME_SCORE_2.000,STRONG_NAME_MATCH_0.800,Kd: 118 nM,118,https://doi.org/10.1371/journal.pone.0189558,https://pubmed.ncbi.nlm.nih.gov/29245156/,/projects/bentosprg6/linwx/research_project/data/task5/boltz_inputs/task5_0303.yaml
304,task5_0304,UTEXAS_10001224_R1268,UTEXAS_10001224,10001224,OD64,DNA,56,"Odontogenic ameloblast-associated protein (ODAM), Human",protein,279,UniProt,A1E959,Odontogenic ameloblast-associated protein (Apin),UNIPROT_EXACT_GENE,UNIPROT_EXACT_GENE,Kd: 47.71 nM,47,https://doi.org/10.1016/j.bios.2018.10.040,https://pubmed.ncbi.nlm.nih.gov/30396019/,/projects/bentosprg6/linwx/research_project/data/task5/boltz_inputs/task5_0304.yaml
305,task5_0305,UTEXAS_10001225_R1269,UTEXAS_10001225,10001225,OD35,DNA,56,"Odontogenic ameloblast-associated protein (ODAM), Human",protein,279,UniProt,A1E959,Odontogenic ameloblast-associated protein (Apin),UNIPROT_EXACT_GENE,UNIPROT_EXACT_GENE,Kd: 51.36 nM,51.36,https://doi.org/10.1016/j.bios.2018.10.040,https://pubmed.ncbi.nlm.nih.gov/30396019/,/projects/bentosprg6/linwx/research_project/data/task5/boltz_inputs/task5_0305.yaml
306,task5_0306,UTEXAS_10001246_R1290,UTEXAS_10001246,10001246,Fur_14,DNA,93,Furaneol,ligand,,PubChem,19309,Furaneol,PUBCHEM_NAME,PUBCHEM_NAME_WITH_SMILES,Kd: 1.1 ± 0.4 µM,1.1,https://doi.org/10.3390/molecules23123159,https://pubmed.ncbi.nlm.nih.gov/30513671/,/projects/bentosprg6/linwx/research_project/data/task5/boltz_inputs/task5_0306.yaml
307,task5_0307,UTEXAS_10001247_R1291,UTEXAS_10001247,10001247,Z100,DNA,98,Zearalenone (ZEN),ligand,,PubChem,5281576,Zearalenone,PUBCHEM_NAME,PUBCHEM_NAME_WITH_SMILES,Kd: 15.2 ± 3.4 nM,15.2,https://doi.org/10.1021/acs.jafc.8b03963,https://pubmed.ncbi.nlm.nih.gov/30346760/,/projects/bentosprg6/linwx/research_project/data/task5/boltz_inputs/task5_0307.yaml
308,task5_0308,UTEXAS_10001248_R1292,UTEXAS_10001248,10001248,wh6,DNA,80,Annexin A2 (ANXA2),protein,339,UniProt,A6NMY6,Putative annexin A2-like protein (Annexin A2 pseudogene 2) (Lipocortin II pseudogene),UNIPROT_NAME_SCORE_2.000,STRONG_NAME_MATCH_0.667,Kd: 8.75 ± 1.26 nM,8.75,https://doi.org/10.1016/j.biochi.2018.06.003,https://pubmed.ncbi.nlm.nih.gov/29906496/,/projects/bentosprg6/linwx/research_project/data/task5/boltz_inputs/task5_0308.yaml
309,task5_0309,UTEXAS_10001250_R1294,UTEXAS_10001250,10001250,R12.45,DNA,79,Atrazine,ligand,,PubChem,2256,Atrazine,PUBCHEM_NAME,PUBCHEM_NAME_WITH_SMILES,Not reported,,https://doi.org/10.1021/acsomega.8b01859,https://pubmed.ncbi.nlm.nih.gov/30411044/,/projects/bentosprg6/linwx/research_project/data/task5/boltz_inputs/task5_0309.yaml
310,task5_0310,UTEXAS_10001265_R1309,UTEXAS_10001265,10001265,NA36,DNA,75,Neutrophil gelatinase-associated lipocalin (NGAL),protein,198,UniProt,P80188,Neutrophil gelatinase-associated lipocalin (NGAL) (25 kDa alpha-2-microglobulin-related subunit of MMP-9) (Lipocalin-2) (Oncogene 24p3) (Siderocalin) (p25),UNIPROT_NAME_SCORE_2.000,STRONG_NAME_MATCH_1.000,Kd: 43.59 nM,43.59,https://doi.org/10.1186/s12967-019-1955-7,https://pubmed.ncbi.nlm.nih.gov/31215436/,/projects/bentosprg6/linwx/research_project/data/task5/boltz_inputs/task5_0310.yaml
311,task5_0311,UTEXAS_10001266_R1310,UTEXAS_10001266,10001266,NA42,DNA,75,Neutrophil gelatinase-associated lipocalin (NGAL),protein,198,UniProt,P80188,Neutrophil gelatinase-associated lipocalin (NGAL) (25 kDa alpha-2-microglobulin-related subunit of MMP-9) (Lipocalin-2) (Oncogene 24p3) (Siderocalin) (p25),UNIPROT_NAME_SCORE_2.000,STRONG_NAME_MATCH_1.000,Kd: 66.55 nM,66.55,https://doi.org/10.1186/s12967-019-1955-7,https://pubmed.ncbi.nlm.nih.gov/31215436/,/projects/bentosprg6/linwx/research_project/data/task5/boltz_inputs/task5_0311.yaml
312,task5_0312,UTEXAS_10001267_R1311,UTEXAS_10001267,10001267,NA53,DNA,75,Neutrophil gelatinase-associated lipocalin (NGAL),protein,198,UniProt,P80188,Neutrophil gelatinase-associated lipocalin (NGAL) (25 kDa alpha-2-microglobulin-related subunit of MMP-9) (Lipocalin-2) (Oncogene 24p3) (Siderocalin) (p25),UNIPROT_NAME_SCORE_2.000,STRONG_NAME_MATCH_1.000,Kd: 32.52 nM,32.52,https://doi.org/10.1186/s12967-019-1955-7,https://pubmed.ncbi.nlm.nih.gov/31215436/,/projects/bentosprg6/linwx/research_project/data/task5/boltz_inputs/task5_0312.yaml
313,task5_0313,UTEXAS_10001288_R1332,UTEXAS_10001288,10001288,APT 1,RNA,54,Mixed lineage leukemia protein 1 (MLL1),protein,3969,UniProt,Q03164,Histone-lysine N-methyltransferase 2A (Lysine N-methyltransferase 2A) (EC 2.1.1.364) (ALL-1) (CXXC-type zinc finger protein 7) (Cysteine methyltransferase KMT2A) (EC 2.1.1.-) (Myeloid/lymphoid or mixed-lineage leukemia) (Myeloid/lymphoid or mixed-lineage leukemia protein 1) (Trithorax-like protein) (Zinc finger protein HRX) [Cleaved into: MLL cleavage product N320 (N-terminal cleavage product of 320 kDa) (p320); MLL cleavage product C180 (C-terminal cleavage product of 180 kDa) (p180)],UNIPROT_NAME_SCORE_2.000,STRONG_NAME_MATCH_0.750,Not reported,,https://doi.org/10.4062/biomolther.2018.157,https://pubmed.ncbi.nlm.nih.gov/30419633/,/projects/bentosprg6/linwx/research_project/data/task5/boltz_inputs/task5_0313.yaml
314,task5_0314,UTEXAS_10001289_R1333,UTEXAS_10001289,10001289,APT 2,RNA,54,Mixed lineage leukemia protein 1 (MLL1),protein,3969,UniProt,Q03164,Histone-lysine N-methyltransferase 2A (Lysine N-methyltransferase 2A) (EC 2.1.1.364) (ALL-1) (CXXC-type zinc finger protein 7) (Cysteine methyltransferase KMT2A) (EC 2.1.1.-) (Myeloid/lymphoid or mixed-lineage leukemia) (Myeloid/lymphoid or mixed-lineage leukemia protein 1) (Trithorax-like protein) (Zinc finger protein HRX) [Cleaved into: MLL cleavage product N320 (N-terminal cleavage product of 320 kDa) (p320); MLL cleavage product C180 (C-terminal cleavage product of 180 kDa) (p180)],UNIPROT_NAME_SCORE_2.000,STRONG_NAME_MATCH_0.750,Not reported,,https://doi.org/10.4062/biomolther.2018.157,https://pubmed.ncbi.nlm.nih.gov/30419633/,/projects/bentosprg6/linwx/research_project/data/task5/boltz_inputs/task5_0314.yaml
315,task5_0315,UTEXAS_10001297_R1341,UTEXAS_10001297,10001297,PSA-1,DNA,40,Prostate-specific antigen (PSA),protein,261,UniProt,P07288,Prostate-specific antigen (PSA) (EC 3.4.21.77) (Gamma-seminoprotein) (Seminin) (Kallikrein-3) (P-30 antigen) (Semenogelase),UNIPROT_NAME_SCORE_2.000,STRONG_NAME_MATCH_1.000,Kd: 177 ± 65 nM,177,https://doi.org/10.1016/j.bios.2018.12.040,https://pubmed.ncbi.nlm.nih.gov/30640124/,/projects/bentosprg6/linwx/research_project/data/task5/boltz_inputs/task5_0315.yaml
316,task5_0316,UTEXAS_10001298_R1342,UTEXAS_10001298,10001298,Ylac1,DNA,50,Lactoferrin,protein,707,UniProt,P08071,Lactotransferrin (Lactoferrin) (EC 3.4.21.-),UNIPROT_NAME_SCORE_2.000,STRONG_NAME_MATCH_1.000,Kd: 2.2 ± 0.022 nM,2.2,https://doi.org/10.1016/j.talanta.2018.09.063,https://pubmed.ncbi.nlm.nih.gov/30368278/,/projects/bentosprg6/linwx/research_project/data/task5/boltz_inputs/task5_0316.yaml
317,task5_0317,UTEXAS_10001299_R1343,UTEXAS_10001299,10001299,Ylac4,DNA,59,Lactoferrin,protein,707,UniProt,P08071,Lactotransferrin (Lactoferrin) (EC 3.4.21.-),UNIPROT_NAME_SCORE_2.000,STRONG_NAME_MATCH_1.000,Kd: 4.0 ± 0.49 nM,4,https://doi.org/10.1016/j.talanta.2018.09.063,https://pubmed.ncbi.nlm.nih.gov/30368278/,/projects/bentosprg6/linwx/research_project/data/task5/boltz_inputs/task5_0317.yaml
318,task5_0318,UTEXAS_10001300_R1344,UTEXAS_10001300,10001300,Ylac5,DNA,51,Lactoferrin,protein,707,UniProt,P08071,Lactotransferrin (Lactoferrin) (EC 3.4.21.-),UNIPROT_NAME_SCORE_2.000,STRONG_NAME_MATCH_1.000,Kd: 4.7 ± 0.54 nM,4.7,https://doi.org/10.1016/j.talanta.2018.09.063,https://pubmed.ncbi.nlm.nih.gov/30368278/,/projects/bentosprg6/linwx/research_project/data/task5/boltz_inputs/task5_0318.yaml
319,task5_0319,UTEXAS_10001301_R1345,UTEXAS_10001301,10001301,Ylac6,DNA,59,Lactoferrin,protein,707,UniProt,P08071,Lactotransferrin (Lactoferrin) (EC 3.4.21.-),UNIPROT_NAME_SCORE_2.000,STRONG_NAME_MATCH_1.000,Kd: 1.9 ± 0.23 nM,1.9,https://doi.org/10.1016/j.talanta.2018.09.063,https://pubmed.ncbi.nlm.nih.gov/30368278/,/projects/bentosprg6/linwx/research_project/data/task5/boltz_inputs/task5_0319.yaml
320,task5_0320,UTEXAS_10001302_R1346,UTEXAS_10001302,10001302,Ylac8,DNA,59,Lactoferrin,protein,707,UniProt,P08071,Lactotransferrin (Lactoferrin) (EC 3.4.21.-),UNIPROT_NAME_SCORE_2.000,STRONG_NAME_MATCH_1.000,Kd: 1.0 ± 0.12 nM,1,https://doi.org/10.1016/j.talanta.2018.09.063,https://pubmed.ncbi.nlm.nih.gov/30368278/,/projects/bentosprg6/linwx/research_project/data/task5/boltz_inputs/task5_0320.yaml
321,task5_0321,UTEXAS_10001303_R1347,UTEXAS_10001303,10001303,Ylac9,DNA,61,Lactoferrin,protein,707,UniProt,P08071,Lactotransferrin (Lactoferrin) (EC 3.4.21.-),UNIPROT_NAME_SCORE_2.000,STRONG_NAME_MATCH_1.000,Kd: 2.6 ± 0.34 nM,2.6,https://doi.org/10.1016/j.talanta.2018.09.063,https://pubmed.ncbi.nlm.nih.gov/30368278/,/projects/bentosprg6/linwx/research_project/data/task5/boltz_inputs/task5_0321.yaml
322,task5_0322,UTEXAS_10001310_R1354,UTEXAS_10001310,10001310,EPCAM-APT-01,DNA,80,Epithelial cell adhesion molecule (EpCAM),protein,315,UniProt,O55159,Epithelial cell adhesion molecule (Ep-CAM) (Epithelial glycoprotein 314) (EGP314) (Protein D5.7A) (Tumor-associated calcium signal transducer 1) (CD antigen CD326),UNIPROT_NAME_SCORE_2.000,STRONG_NAME_MATCH_0.800,Kd: 25 nM,25,https://doi.org/10.3390/cancers11030351,https://pubmed.ncbi.nlm.nih.gov/30871104/,/projects/bentosprg6/linwx/research_project/data/task5/boltz_inputs/task5_0322.yaml
323,task5_0323,UTEXAS_10001311_R1355,UTEXAS_10001311,10001311,EPCAM-APT-02,DNA,80,Epithelial cell adhesion molecule (EpCAM),protein,315,UniProt,O55159,Epithelial cell adhesion molecule (Ep-CAM) (Epithelial glycoprotein 314) (EGP314) (Protein D5.7A) (Tumor-associated calcium signal transducer 1) (CD antigen CD326),UNIPROT_NAME_SCORE_2.000,STRONG_NAME_MATCH_0.800,Kd: 15 nM,15,https://doi.org/10.3390/cancers11030351,https://pubmed.ncbi.nlm.nih.gov/30871104/,/projects/bentosprg6/linwx/research_project/data/task5/boltz_inputs/task5_0323.yaml
324,task5_0324,UTEXAS_10001312_R1356,UTEXAS_10001312,10001312,Az9,DNA,94,Azlocillin,ligand,,PubChem,6479523,Azlocillin,PUBCHEM_NAME,PUBCHEM_NAME_WITH_SMILES,Kd: 55 nM,55,https://doi.org/10.1016/j.aca.2019.12.023,https://pubmed.ncbi.nlm.nih.gov/32029106/,/projects/bentosprg6/linwx/research_project/data/task5/boltz_inputs/task5_0324.yaml
325,task5_0325,UTEXAS_10001319_R1363,UTEXAS_10001319,10001319,CRP–Ugu4-3,DNA,76,C-reactive protein (CRP). Human,protein,224,UniProt,P02741,C-reactive protein [Cleaved into: C-reactive protein(1-205)],UNIPROT_EXACT_GENE,UNIPROT_EXACT_GENE,Kd: 6.2 pM,0.0062,https://doi.org/10.3390/ijms21082683,https://pubmed.ncbi.nlm.nih.gov/32294882/,/projects/bentosprg6/linwx/research_project/data/task5/boltz_inputs/task5_0325.yaml
326,task5_0326,UTEXAS_10001327_R1371,UTEXAS_10001327,10001327,DUX4 aptamer,RNA,71,Double homeobox protein 4 (DUX4),protein,374,UniProt,Q6RFH8,"Double homeobox protein 4C (Double homeobox protein 4, centromeric) (DUX4c) (Double homeobox protein 4-like protein 9)",UNIPROT_NAME_SCORE_2.000,STRONG_NAME_MATCH_0.667,Kd: 20 nM,20,https://doi.org/10.1096/fj.201902696,https://pubmed.ncbi.nlm.nih.gov/32020675/,/projects/bentosprg6/linwx/research_project/data/task5/boltz_inputs/task5_0326.yaml
327,task5_0327,UTEXAS_10001331_R1375,UTEXAS_10001331,10001331,Apt122,DNA,80,Tacrolimus (TAC),ligand,,PubChem,445643,Tacrolimus,PUBCHEM_NAME,PUBCHEM_NAME_WITH_SMILES,Kd: 56.45 nM,56.45,https://doi.org/10.1016/j.jpba.2019.112853,https://pubmed.ncbi.nlm.nih.gov/31499431/,/projects/bentosprg6/linwx/research_project/data/task5/boltz_inputs/task5_0327.yaml
328,task5_0328,UTEXAS_10001331_R1376,UTEXAS_10001331,10001331,Apt125,DNA,80,Tacrolimus (TAC),ligand,,PubChem,445643,Tacrolimus,PUBCHEM_NAME,PUBCHEM_NAME_WITH_SMILES,Kd: 180 nM,180,https://doi.org/10.1016/j.jpba.2019.112853,https://pubmed.ncbi.nlm.nih.gov/31499431/,/projects/bentosprg6/linwx/research_project/data/task5/boltz_inputs/task5_0328.yaml
329,task5_0329,UTEXAS_10001333_R1378,UTEXAS_10001333,10001333,caDNApt-1,DNA,66,Cyclic adenosine monophosphate (cAMP),ligand,,PubChem,6076,Cyclic adenosine monophosphate,PUBCHEM_NAME,PUBCHEM_NAME_WITH_SMILES,Kd: 1 mM,1000000,https://doi.org/10.1002/cbic.201900259,https://pubmed.ncbi.nlm.nih.gov/31099939/,/projects/bentosprg6/linwx/research_project/data/task5/boltz_inputs/task5_0329.yaml
330,task5_0330,UTEXAS_10001349_R1395,UTEXAS_10001349,10001349,T-2,DNA,82,Thyroglobulin (Tg),protein,2768,UniProt,P01266,Thyroglobulin (Tg),UNIPROT_NAME_SCORE_2.000,STRONG_NAME_MATCH_1.000,Kd: 3.18 μM via sequence homology using Clustal X software & 4.51 nM via TFI assay,3.18,https://doi.org/10.1016/j.talanta.2020.121690,https://pubmed.ncbi.nlm.nih.gov/33303143/,/projects/bentosprg6/linwx/research_project/data/task5/boltz_inputs/task5_0330.yaml
331,task5_0331,UTEXAS_10001370_R1418,UTEXAS_10001370,10001370,apVRK28,DNA,74,"Vaccinia-related kinase (VRK1), Human",protein,396,UniProt,Q99986,Serine/threonine-protein kinase VRK1 (EC 2.7.11.1) (Vaccinia-related kinase 1),UNIPROT_EXACT_GENE,UNIPROT_EXACT_GENE,Kd: 60.06 ± 7.05 nM,60.06,https://doi.org/10.3390%2Fph14050473,https://pubmed.ncbi.nlm.nih.gov/34067799/,/projects/bentosprg6/linwx/research_project/data/task5/boltz_inputs/task5_0331.yaml
332,task5_0332,UTEXAS_10001371_R1419,UTEXAS_10001371,10001371,apVRKF33,DNA,75,"Vaccinia-related kinase (VRK1), Human",protein,396,UniProt,Q99986,Serine/threonine-protein kinase VRK1 (EC 2.7.11.1) (Vaccinia-related kinase 1),UNIPROT_EXACT_GENE,UNIPROT_EXACT_GENE,Kd: 128.8 ± 55.56 nM,128.8,https://doi.org/10.3390%2Fph14050473,https://pubmed.ncbi.nlm.nih.gov/34067799/,/projects/bentosprg6/linwx/research_project/data/task5/boltz_inputs/task5_0332.yaml
333,task5_0333,UTEXAS_10001374_R1422,UTEXAS_10001374,10001374,LDH7r-1,DNA,77,"Lactate dehydrogenase (LDH), Human",protein,507,UniProt,Q86WU2,"D-lactate dehydrogenase, mitochondrial (DLD) (Lactate dehydrogenase D) (EC 1.1.98.-)",UNIPROT_NAME_SCORE_2.000,STRONG_NAME_MATCH_0.667,Kd: 21.3 ± 3.9 nM,21.3,https://doi.org/10.1007/s00216-021-03397-2,https://pubmed.ncbi.nlm.nih.gov/34028561/,/projects/bentosprg6/linwx/research_project/data/task5/boltz_inputs/task5_0333.yaml
334,task5_0334,UTEXAS_10001375_R1423,UTEXAS_10001375,10001375,LDH7r-9,DNA,87,"Lactate dehydrogenase (LDH), Human",protein,507,UniProt,Q86WU2,"D-lactate dehydrogenase, mitochondrial (DLD) (Lactate dehydrogenase D) (EC 1.1.98.-)",UNIPROT_NAME_SCORE_2.000,STRONG_NAME_MATCH_0.667,Kd: 12.0 ± 4.4 nM,12,https://doi.org/10.1007/s00216-021-03397-2,https://pubmed.ncbi.nlm.nih.gov/34028561/,/projects/bentosprg6/linwx/research_project/data/task5/boltz_inputs/task5_0334.yaml
335,task5_0335,UTEXAS_10001376_R1424,UTEXAS_10001376,10001376,LDH8r-2,DNA,97,"Lactate dehydrogenase (LDH), Human",protein,507,UniProt,Q86WU2,"D-lactate dehydrogenase, mitochondrial (DLD) (Lactate dehydrogenase D) (EC 1.1.98.-)",UNIPROT_NAME_SCORE_2.000,STRONG_NAME_MATCH_0.667,Kd: 10.2 ± 4.7 nM,10.2,https://doi.org/10.1007/s00216-021-03397-2,https://pubmed.ncbi.nlm.nih.gov/34028561/,/projects/bentosprg6/linwx/research_project/data/task5/boltz_inputs/task5_0335.yaml
336,task5_0336,UTEXAS_10001377_R1425,UTEXAS_10001377,10001377,LDH9r-1,DNA,77,"Lactate dehydrogenase (LDH), Human",protein,507,UniProt,Q86WU2,"D-lactate dehydrogenase, mitochondrial (DLD) (Lactate dehydrogenase D) (EC 1.1.98.-)",UNIPROT_NAME_SCORE_2.000,STRONG_NAME_MATCH_0.667,Kd: 19.3 ± 6.2 nM,19.3,https://doi.org/10.1007/s00216-021-03397-2,https://pubmed.ncbi.nlm.nih.gov/34028561/,/projects/bentosprg6/linwx/research_project/data/task5/boltz_inputs/task5_0336.yaml
337,task5_0337,UTEXAS_10001393_R1442,UTEXAS_10001393,10001393,Apt.6,DNA,76,"Angiotensin converting enzyme 2 (hACE2), Human",protein,805,UniProt,Q9BYF1,Angiotensin-converting enzyme 2 (EC 3.4.17.23) (Angiotensin-converting enzyme homolog) (ACEH) (Angiotensin-converting enzyme-related carboxypeptidase) (ACE-related carboxypeptidase) (EC 3.4.17.-) (Metalloprotease MPROT15) [Cleaved into: Processed angiotensin-converting enzyme 2],UNIPROT_NAME_SCORE_1.650,STRONG_NAME_MATCH_0.750,IC50= 29-43 nM,,https://doi.org/10.1016/j.phrs.2021.105982,https://pubmed.ncbi.nlm.nih.gov/34798263/,/projects/bentosprg6/linwx/research_project/data/task5/boltz_inputs/task5_0337.yaml
338,task5_0338,UTEXAS_10001394_R1443,UTEXAS_10001394,10001394,Apt.14,DNA,76,"Angiotensin converting enzyme 2 (hACE2), Human",protein,805,UniProt,Q9BYF1,Angiotensin-converting enzyme 2 (EC 3.4.17.23) (Angiotensin-converting enzyme homolog) (ACEH) (Angiotensin-converting enzyme-related carboxypeptidase) (ACE-related carboxypeptidase) (EC 3.4.17.-) (Metalloprotease MPROT15) [Cleaved into: Processed angiotensin-converting enzyme 2],UNIPROT_NAME_SCORE_1.650,STRONG_NAME_MATCH_0.750,IC50= 94-186 nM,,https://doi.org/10.1016/j.phrs.2021.105982,https://pubmed.ncbi.nlm.nih.gov/34798263/,/projects/bentosprg6/linwx/research_project/data/task5/boltz_inputs/task5_0338.yaml
339,task5_0339,UTEXAS_10001410_R1459,UTEXAS_10001410,10001410,Aptamer 9.3,RNA,48,Coagulation Factor IXa (FIXa),protein,461,UniProt,P00740,Coagulation factor IX (EC 3.4.21.22) (Christmas factor) (Plasma thromboplastin component) (PTC) [Cleaved into: Coagulation factor IXa light chain; Coagulation factor IXa heavy chain],UNIPROT_NAME_SCORE_2.000,STRONG_NAME_MATCH_0.750,Kd: 0.65 ± 0.2 nM,0.65,https://doi.org/10.1038/nature00963,https://pubmed.ncbi.nlm.nih.gov/12214238/,/projects/bentosprg6/linwx/research_project/data/task5/boltz_inputs/task5_0339.yaml
340,task5_0340,UTEXAS_10001423_R1475,UTEXAS_10001423,10001423,E07,RNA,93,Human epidermal growth factor receptor (hEGFR),protein,822,UniProt,Q12929,Epidermal growth factor receptor kinase substrate 8,UNIPROT_NAME_SCORE_2.000,STRONG_NAME_MATCH_0.800,Kd: 2.4 ± 0.2 nM,2.4,https://doi.org/10.1371/journal.pone.0020299,https://pubmed.ncbi.nlm.nih.gov/21687663/,/projects/bentosprg6/linwx/research_project/data/task5/boltz_inputs/task5_0340.yaml
341,task5_0341,UTEXAS_10001423_R1476,UTEXAS_10001423,10001423,E07,RNA,93,Mouse epidermal growth factor receptor (mEGFR),protein,1210,UniProt,Q01279,Epidermal growth factor receptor (EC 2.7.10.1),UNIPROT_NAME_SCORE_2.000,STRONG_NAME_MATCH_0.800,Kd: 36 ± 4 nM,36,https://doi.org/10.1371/journal.pone.0020299,https://pubmed.ncbi.nlm.nih.gov/21687663/,/projects/bentosprg6/linwx/research_project/data/task5/boltz_inputs/task5_0341.yaml
342,task5_0342,UTEXAS_10001434_R1488,UTEXAS_10001434,10001434,S1.3/S2.2,DNA,72,Mucin 1 (MUC1),protein,580,UniProt,Q8WML4,Mucin-1 (MUC-1) (CD antigen CD227) [Cleaved into: Mucin-1 subunit alpha (MUC1-NT) (MUC1-alpha); Mucin-1 subunit beta (MUC1-beta) (MUC1-CT)],UNIPROT_NAME_SCORE_2.000,STRONG_NAME_MATCH_1.000,kd: 0.135 nM,0.135,https://doi.org/10.1159/000096085,https://pubmed.ncbi.nlm.nih.gov/17033199/,/projects/bentosprg6/linwx/research_project/data/task5/boltz_inputs/task5_0342.yaml
